"rules","support","confidence","lift","conviction","lhs","rhs"
"{cuisine=Pacific Rim} => {style=none}",0.000510607623071455,1,1.99734037234787,NA,"cuisine=Pacific Rim","style=none"
"{cuisine=Pacific Rim} => {price=$15-$30}",0.000510607623071455,1,1.76048294703446,NA,"cuisine=Pacific Rim","price=$15-$30"
"{cuisine=Austrian} => {price=$15-$30}",0.00054064336560507,1,1.76048294703446,NA,"cuisine=Austrian","price=$15-$30"
"{cuisine=Burritos} => {style=Tacos}",0.000861024619296963,1,387.135658914729,NA,"cuisine=Burritos","style=Tacos"
"{cuisine=Burritos} => {price=below $15}",0.000861024619296963,1,6.2285482664006,NA,"cuisine=Burritos","price=below $15"
"{cuisine=Turkish} => {style=none}",0.00054064336560507,0.580645161290323,1.1597460226536,1.19072003376326,"cuisine=Turkish","style=none"
"{cuisine=Turkish} => {price=$15-$30}",0.000570679108138685,0.612903225806452,1.07900567721467,1.11593296022266,"cuisine=Turkish","price=$15-$30"
"{cuisine=Afghanistan} => {style=none}",0.000700833992451017,0.721649484536082,1.44137965014795,1.79390437583688,"cuisine=Afghanistan","style=none"
"{cuisine=Afghanistan} => {price=$15-$30}",0.000971155675253552,1,1.76048294703446,NA,"cuisine=Afghanistan","price=$15-$30"
"{cuisine=Lebanese} => {style=Middle Eastern}",0.000891060361830578,0.847619047619048,137.660224545103,6.52209254012274,"cuisine=Lebanese","style=Middle Eastern"
"{cuisine=Lebanese} => {price=$15-$30}",0.000871036533474835,0.828571428571429,1.45868587039998,2.51984861985763,"cuisine=Lebanese","price=$15-$30"
"{cuisine=Moroccan} => {style=none}",0.0006007148506723,0.55045871559633,1.09945341597131,1.11076384979759,"cuisine=Moroccan","style=none"
"{cuisine=Moroccan} => {price=$15-$30}",0.000730869734984632,0.669724770642202,1.17903903792216,1.30792142649753,"cuisine=Moroccan","price=$15-$30"
"{cuisine=Ethiopian} => {style=none}",0.00111132247374376,1,1.99734037234787,NA,"cuisine=Ethiopian","style=none"
"{cuisine=Ethiopian} => {price=$15-$30}",0.000981167589431423,0.882882882882883,1.55430025954394,3.68839380401139,"cuisine=Ethiopian","price=$15-$30"
"{cuisine=African} => {style=none}",0.000760905477518247,0.633333333333333,1.26498223582032,1.3618205664741,"cuisine=African","style=none"
"{cuisine=Swiss} => {style=none}",0.00123146544387822,0.976190476190476,1.94978464919673,20.9720367237011,"cuisine=Swiss","style=none"
"{cuisine=Swiss} => {price=$15-$30}",0.00102121524614291,0.80952380952381,1.42515286188504,2.26786375787187,"cuisine=Swiss","price=$15-$30"
"{cuisine=Irish} => {style=none}",0.000810965048407605,0.637795275590551,1.27389425322974,1.37859661693067,"cuisine=Irish","style=none"
"{cuisine=Irish} => {price=$15-$30}",0.000871036533474835,0.68503937007874,1.20600012907085,1.37151760595108,"cuisine=Irish","price=$15-$30"
"{cuisine=Hungarian} => {price=$15-$30}",0.000710845906628888,0.522058823529412,0.919075656172401,0.903822625847836,"cuisine=Hungarian","price=$15-$30"
"{cuisine=Indonesian} => {style=none}",0.00103122716032078,0.700680272108844,1.39949699559069,1.66823019393078,"cuisine=Indonesian","style=none"
"{cuisine=Indonesian} => {price=$15-$30}",0.00107127481703227,0.727891156462585,1.28143996824957,1.58750463051031,"cuisine=Indonesian","price=$15-$30"
"{cuisine=Portuguese} => {style=none}",0.000911084190186322,0.56875,1.13598733677285,1.1578764236688,"cuisine=Portuguese","style=none"
"{cuisine=Portuguese} => {price=$15-$30}",0.00115137013045524,0.71875,1.26534711818102,1.53590773019894,"cuisine=Portuguese","price=$15-$30"
"{cuisine=Polish} => {price=below $15}",0.00123146544387822,0.719298245614035,4.48018384074429,2.990536863868,"cuisine=Polish","price=below $15"
"{cuisine=Polish} => {style=none}",0.00110131055956588,0.64327485380117,1.28483883601325,1.39977294291683,"cuisine=Polish","style=none"
"{occasion=Walk} => {price=$30-$50}",0.00101120333196504,0.567415730337079,2.28202337675852,1.73689651724513,"occasion=Walk","price=$30-$50"
"{occasion=Walk} => {style=none}",0.00111132247374376,0.623595505617977,1.24553247938547,1.32658938763995,"occasion=Walk","style=none"
"{cuisine=Asian} => {style=none}",0.00177210880948329,0.936507936507937,1.8705251106115,7.86451377138797,"cuisine=Asian","style=none"
"{occasion=See the Game} => {price=$15-$30}",0.00100119141778717,0.526315789473684,0.926569972123399,0.911945214805619,"occasion=See the Game","price=$15-$30"
"{cuisine=Latin} => {style=none}",0.00122145352970034,0.642105263157895,1.28250276540232,1.39519852153474,"cuisine=Latin","style=none"
"{cuisine=Latin} => {price=$15-$30}",0.00142169181325778,0.747368421052632,1.31572936041523,1.70989727776054,"cuisine=Latin","price=$15-$30"
"{occasion=Happy Hour} => {style=none}",0.0012715131005897,0.587962962962963,1.1743621633712,1.21186729061516,"occasion=Happy Hour","style=none"
"{occasion=Happy Hour} => {price=$15-$30}",0.00158188244010372,0.731481481481482,1.28776067421965,1.60873094154458,"occasion=Happy Hour","price=$15-$30"
"{occasion=Early Dining} => {price=$15-$30}",0.00128152501476757,0.581818181818182,1.0242809873655,1.03298142180499,"occasion=Early Dining","price=$15-$30"
"{cuisine=Brazilian} => {style=none}",0.00142169181325778,0.617391304347826,1.23314057771042,1.30507804287102,"cuisine=Brazilian","style=none"
"{cuisine=Brazilian} => {price=$15-$30}",0.00174207306694967,0.756521739130435,1.33184362079998,1.77417913030792,"cuisine=Brazilian","price=$15-$30"
"{occasion=Margaritas} => {style=none}",0.00213253771988666,0.872950819672131,1.74357991520531,3.93024344130806,"occasion=Margaritas","style=none"
"{occasion=Margaritas} => {price=$15-$30}",0.00191227560797349,0.782786885245902,1.37808296263763,1.98871071669626,"occasion=Margaritas","price=$15-$30"
"{cuisine=Korean} => {style=none}",0.00255303811535728,0.894736842105263,1.78709401736388,4.74367497321813,"cuisine=Korean","style=none"
"{cuisine=Korean} => {price=$15-$30}",0.00231275217508836,0.810526315789474,1.42691775707003,2.27986303701405,"cuisine=Korean","price=$15-$30"
"{occasion=Great Place to Meet for a Drink} => {style=Cab}",0.00195232326468498,0.674740484429066,14.1524053601973,2.92788748397827,"occasion=Great Place to Meet for a Drink","style=Cab"
"{occasion=Great Place to Meet for a Drink} => {price=$30-$50}",0.00196233517886285,0.678200692041522,2.72757653802292,2.33485309884354,"occasion=Great Place to Meet for a Drink","price=$30-$50"
"{cuisine=Cuban} => {price=below $15}",0.00185220412290626,0.516759776536313,3.21866321029081,1.73712556092039,"cuisine=Cuban","price=below $15"
"{cuisine=Cuban} => {style=none}",0.00319380062274106,0.891061452513967,1.77975301334908,4.58363195792737,"cuisine=Cuban","style=none"
"{cuisine=Salvadoran} => {price=$15-$30}",0.00268319299966961,0.734246575342466,1.29262857480886,1.62546936008489,"cuisine=Salvadoran","price=$15-$30"
"{cuisine=German} => {price=$15-$30}",0.00448533755168651,0.916155419222904,1.61287599237513,5.15208073216885,"cuisine=German","price=$15-$30"
"{cuisine=Pacific New Wave} => {price=$30-$50}",0.00328390785034191,0.622390891840607,2.50312158920603,1.98976691810994,"cuisine=Pacific New Wave","price=$30-$50"
"{cuisine=Pacific New Wave} => {style=none}",0.00315375296602958,0.597722960151803,1.19385619979047,1.24126946915887,"cuisine=Pacific New Wave","style=none"
"{cuisine=Vietnamese} => {style=none}",0.0046655520068882,0.869402985074627,1.73649368192931,3.82347336187206,"cuisine=Vietnamese","style=none"
"{cuisine=Vietnamese} => {price=$15-$30}",0.00290345511158278,0.541044776119403,0.952500101940285,0.941211749298739,"cuisine=Vietnamese","price=$15-$30"
"{cuisine=Jewish} => {price=below $15}",0.00322383636527468,0.566901408450704,3.53097278482569,1.93823983874144,"cuisine=Jewish","price=below $15"
"{cuisine=Dim Sum} => {style=none}",0.00511608814489242,0.840460526315789,1.67868574057527,3.1298474050099,"cuisine=Dim Sum","style=none"
"{cuisine=Dim Sum} => {price=$15-$30}",0.00437520649572992,0.71875,1.26534711818102,1.53590773019894,"cuisine=Dim Sum","price=$15-$30"
"{cuisine=Hamburgers & Beer} => {price=$15-$30}",0.00502598091729158,0.734992679355783,1.29394207820102,1.63004572125913,"cuisine=Hamburgers & Beer","price=$15-$30"
"{occasion=Dining After the Theater} => {style=none}",0.00354421761896657,0.517543859649123,1.03371124533793,1.03498363052032,"occasion=Dining After the Theater","style=none"
"{occasion=Dining After the Theater} => {price=$15-$30}",0.00537639791351709,0.785087719298246,1.38213354175074,2.01000169793891,"occasion=Dining After the Theater","price=$15-$30"
"{cuisine=Tapas} => {style=none}",0.00392467035772569,0.568115942028986,1.13472090718894,1.15617652120117,"cuisine=Tapas","style=none"
"{cuisine=Tapas} => {price=$15-$30}",0.00562669576796388,0.814492753623188,1.43390060323676,2.32861010852915,"cuisine=Tapas","price=$15-$30"
"{occasion=Parties and Occasions} => {price=$30-$50}",0.0065377799581502,0.912011173184358,3.66791173701739,8.53919910725508,"occasion=Parties and Occasions","price=$30-$50"
"{cuisine=Greek} => {style=none}",0.003744455902524,0.498666666666667,0.996007065677472,0.996012382394624,"cuisine=Greek","style=none"
"{cuisine=Greek} => {price=$15-$30}",0.00657782761486169,0.876,1.54218306160219,3.48366168643912,"cuisine=Greek","price=$15-$30"
"{cuisine=Caribbean} => {style=none}",0.00622741061863618,0.710857142857143,1.41982367040043,1.72694637052876,"cuisine=Caribbean","style=none"
"{cuisine=Caribbean} => {price=$15-$30}",0.00673801824170763,0.769142857142857,1.35406288383336,1.87117471771606,"cuisine=Caribbean","price=$15-$30"
"{cuisine=Creole} => {price=$15-$30}",0.00444528989497502,0.501694915254237,0.883225342918983,0.866886697210497,"cuisine=Creole","price=$15-$30"
"{cuisine=Indian} => {style=none}",0.00748891180504801,0.827433628318584,1.65266659127899,2.89357771645694,"cuisine=Indian","style=none"
"{cuisine=Indian} => {price=$15-$30}",0.00632752976041489,0.699115044247788,1.23078011341347,1.43567845736426,"cuisine=Indian","price=$15-$30"
"{occasion=Open on Sundays} => {style=none}",0.0073487450065578,0.811946902654867,1.62173432887537,2.65528308098402,"occasion=Open on Sundays","style=none"
"{occasion=Open on Sundays} => {price=$15-$30}",0.00467556392106607,0.516592920353982,0.909453026841916,0.893603067283935,"occasion=Open on Sundays","price=$15-$30"
"{occasion=Open on Mondays} => {style=none}",0.0073487450065578,0.811946902654867,1.62173432887537,2.65528308098402,"occasion=Open on Mondays","style=none"
"{occasion=Open on Mondays} => {price=$15-$30}",0.00467556392106607,0.516592920353982,0.909453026841916,0.893603067283935,"occasion=Open on Mondays","price=$15-$30"
"{cuisine=Coffee and Dessert} => {price=$15-$30}",0.00633754167459277,0.68804347826087,1.21128881029653,1.38472517487448,"cuisine=Coffee and Dessert","price=$15-$30"
"{cuisine=Spanish} => {style=none}",0.00668795867081827,0.658777120315582,1.31580213878538,1.46336672432102,"cuisine=Spanish","style=none"
"{cuisine=Spanish} => {price=$15-$30}",0.00806960282736456,0.794871794871795,1.39935823995047,2.10587348945245,"cuisine=Spanish","price=$15-$30"
"{occasion=Long Drive} => {style=none}",0.00846006748030156,0.788246268656716,1.57439609574063,2.35808929807087,"occasion=Long Drive","style=none"
"{occasion=Long Drive} => {price=$15-$30}",0.00684814929766422,0.638059701492537,1.12329322366751,1.19349531096644,"occasion=Long Drive","price=$15-$30"
"{cuisine=Thai} => {style=none}",0.00850011513701305,0.785383903792784,1.5686789788375,2.32663913160109,"cuisine=Thai","style=none"
"{cuisine=Thai} => {price=$15-$30}",0.00858021045043602,0.792784458834413,1.39568352045192,2.08466047811181,"cuisine=Thai","price=$15-$30"
"{cuisine=Vegetarian} => {price=below $15}",0.00644767273054935,0.575,3.58141525318034,1.97517398645565,"cuisine=Vegetarian","price=below $15"
"{cuisine=Cajun} => {style=none}",0.00663789909992892,0.546578730420445,1.0917037649354,1.10125889808873,"cuisine=Cajun","style=none"
"{cuisine=Cajun} => {price=$15-$30}",0.00691823269690932,0.569661995053586,1.00288022786547,1.00380176548023,"cuisine=Cajun","price=$15-$30"
"{cuisine=Mediterranean} => {price=$15-$30}",0.00790941220051862,0.631494804156675,1.11173583385869,1.17223326561211,"cuisine=Mediterranean","price=$15-$30"
"{occasion=Short Drive} => {style=none}",0.00922097295781981,0.641364902506964,1.28102401318412,1.39231829566505,"occasion=Short Drive","style=none"
"{occasion=Short Drive} => {price=$15-$30}",0.00860023427879176,0.598189415041783,1.05310226427758,1.07506886401056,"occasion=Short Drive","price=$15-$30"
"{occasion=Game} => {price=$30-$50}",0.00707842332375527,0.491997216423104,1.97870642132297,1.47903542201521,"occasion=Game","price=$30-$50"
"{occasion=Game} => {style=none}",0.00721859012224547,0.501739735560195,1.00214503024552,1.00215538613856,"occasion=Game","style=none"
"{cuisine=Japanese} => {style=none}",0.0135661437110161,0.833846153846154,1.66547458740392,3.00525217601538,"cuisine=Japanese","style=none"
"{cuisine=Japanese} => {price=$15-$30}",0.0119542255283788,0.734769230769231,1.29354870077486,1.62867245897328,"cuisine=Japanese","price=$15-$30"
"{occasion=Weekend Jazz Brunch} => {price=$15-$30}",0.010222164375607,0.552788305360043,0.973174384906433,0.965927443973098,"occasion=Weekend Jazz Brunch","price=$15-$30"
"{cuisine=Bar-B-Q} => {price=$15-$30}",0.0116538681030426,0.628509719222462,1.10648064273656,1.16281386477816,"cuisine=Bar-B-Q","price=$15-$30"
"{occasion=After Hours Dining} => {price=$15-$30}",0.0159890269420611,0.674408783783784,1.1872851631816,1.32673741674772,"occasion=After Hours Dining","price=$15-$30"
"{occasion=Dancing} => {price=$15-$30}",0.0135160841401268,0.561797752808989,0.989035363502505,0.985786932603645,"occasion=Dancing","price=$15-$30"
"{occasion=Special Brunch Menu} => {price=$15-$30}",0.0172705519568286,0.633492471538744,1.11525269321867,1.17862258091136,"occasion=Special Brunch Menu","price=$15-$30"
"{occasion=Late Night Menu} => {style=none}",0.0139065487930637,0.494306049822064,0.987297429605407,0.987423732341416,"occasion=Late Night Menu","style=none"
"{occasion=Late Night Menu} => {price=$15-$30}",0.0185620888857741,0.659786476868327,1.16154284121064,1.2697145167603,"occasion=Late Night Menu","price=$15-$30"
"{occasion=Catering for Special Events} => {style=none}",0.0152581572070764,0.512268907563025,1.02317537057417,1.023789984789,"occasion=Catering for Special Events","style=none"
"{occasion=Catering for Special Events} => {price=$15-$30}",0.0154583954906339,0.518991596638655,0.913675855536539,0.898059256553034,"occasion=Catering for Special Events","price=$15-$30"
"{cuisine=Chinese} => {style=none}",0.0248295471611217,0.789055042952593,1.5760114932939,2.36713033910051,"cuisine=Chinese","style=none"
"{cuisine=Chinese} => {price=$15-$30}",0.0184319340014617,0.585746102449889,1.03119602465493,1.04277606480744,"cuisine=Chinese","price=$15-$30"
"{occasion=Prix Fixe Menus} => {price=$30-$50}",0.0163594677666423,0.509669369931379,2.04978000153477,1.53234178188584,"occasion=Prix Fixe Menus","price=$30-$50"
"{occasion=Prix Fixe Menus} => {style=none}",0.0174908140687418,0.544915782907049,1.0883822927298,1.09723472920438,"occasion=Prix Fixe Menus","style=none"
"{occasion=Delivery Available} => {style=none}",0.0199136972997867,0.514618369987063,1.02786804672702,1.02874558250971,"occasion=Delivery Available","style=none"
"{occasion=Delivery Available} => {price=$15-$30}",0.0236982008590222,0.6124191461837,1.07815346329381,1.11453918547584,"occasion=Delivery Available","price=$15-$30"
"{occasion=Entertainment} => {price=$15-$30}",0.020754698090728,0.53455389375967,0.941073014234768,0.928086073396871,"occasion=Entertainment","price=$15-$30"
"{cuisine=Mexican} => {style=none}",0.0327089236191067,0.68133472367049,1.36085735066955,1.56695518714391,"cuisine=Mexican","style=none"
"{cuisine=Mexican} => {price=$15-$30}",0.0313473032909162,0.652971845672576,1.14954579920019,1.24478098889602,"cuisine=Mexican","price=$15-$30"
"{occasion=Weekend Lunch} => {price=$15-$30}",0.0293048727986304,0.606632124352332,1.06796551004557,1.09814266965044,"occasion=Weekend Lunch","price=$15-$30"
"{occasion=Weekend Brunch} => {price=$15-$30}",0.0354121404471321,0.594553706505295,1.0467016613987,1.06542853159439,"occasion=Weekend Brunch","price=$15-$30"
"{occasion=Dining Outdoors} => {style=none}",0.0309568386379792,0.514990006662225,1.02861033166216,1.02953385407756,"occasion=Dining Outdoors","style=none"
"{occasion=Dining Outdoors} => {price=$15-$30}",0.034170663089076,0.568454363757495,1.00075421356239,1.00099274060486,"occasion=Dining Outdoors","price=$15-$30"
"{cuisine=Seafood} => {style=none}",0.0384057027863157,0.572964899178491,1.14440592506743,1.16930483406769,"cuisine=Seafood","style=none"
"{cuisine=Seafood} => {price=$15-$30}",0.0458946145913637,0.684690067214339,1.20538518733472,1.36999822778211,"cuisine=Seafood","price=$15-$30"
"{occasion=Takeout Available} => {style=none}",0.0386259648982289,0.555667578856402,1.10985728885469,1.12378522013319,"occasion=Takeout Available","style=none"
"{occasion=Takeout Available} => {price=$15-$30}",0.0441225057818804,0.634740025925392,1.11744899144186,1.18264819520087,"occasion=Takeout Available","price=$15-$30"
"{occasion=Private Parties} => {style=none}",0.0486078433335669,0.5247514051016,1.0481071668557,1.05068002949892,"occasion=Private Parties","style=none"
"{occasion=Private Parties} => {price=$15-$30}",0.0534836455381904,0.577388672719412,1.01648291213338,1.02215445075292,"occasion=Private Parties","price=$15-$30"
"{cuisine=French} => {price=$30-$50}",0.050399975971406,0.528948197961542,2.12731527926704,1.59505622978429,"cuisine=French","price=$30-$50"
"{occasion=Private Rooms Available} => {style=none}",0.0507604048818093,0.492807153965785,0.984303624397717,0.984505620715098,"occasion=Private Rooms Available","style=none"
"{occasion=Private Rooms Available} => {price=$15-$30}",0.0575985422652957,0.559195178849145,0.984453576427803,0.979966707239388,"occasion=Private Rooms Available","price=$15-$30"
"{occasion=Weekend Dining} => {style=none}",0.0691122435698481,0.530428769017981,1.0594467950144,1.06338330536756,"occasion=Weekend Dining","style=none"
"{occasion=Weekend Dining} => {price=$15-$30}",0.0807961474154244,0.62010142923006,1.09167799159122,1.13707732104117,"occasion=Weekend Dining","price=$15-$30"
"{cuisine=Italian} => {style=none}",0.104394229132668,0.622507462686567,1.24335928731172,1.3227657724332,"cuisine=Italian","style=none"
"{cuisine=Italian} => {price=$15-$30}",0.114366095653828,0.681970149253731,1.20059681814774,1.35828145724311,"cuisine=Italian","price=$15-$30"
"{cuisine=American} => {price=$15-$30}",0.153192298835614,0.525861772691343,0.925770683320419,0.91107197065813,"cuisine=American","price=$15-$30"
"{cuisine=Portuguese,occasion=Weekend Dining} => {price=$15-$30}",0.000510607623071455,0.739130434782609,1.30122652606895,1.65590052162073,"cuisine=Portuguese,occasion=Weekend Dining","price=$15-$30"
"{cuisine=French,occasion=Walk} => {price=$30-$50}",0.00072085782080676,0.727272727272727,2.92493365301902,2.75496507510604,"cuisine=French,occasion=Walk","price=$30-$50"
"{cuisine=French,occasion=Walk} => {style=none}",0.000590702936494428,0.595959595959596,1.19033416129823,1.23585216407525,"cuisine=French,occasion=Walk","style=none"
"{cuisine=American,occasion=See the Game} => {price=$15-$30}",0.000931108018542065,0.744,1.30979931259364,1.68739862936895,"cuisine=American,occasion=See the Game","price=$15-$30"
"{cuisine=American,occasion=Happy Hour} => {price=$15-$30}",0.000550655279782942,0.53921568627451,0.949280020459757,0.937475595959191,"cuisine=American,occasion=Happy Hour","price=$15-$30"
"{cuisine=Mexican,occasion=Margaritas} => {style=none}",0.00213253771988666,0.872950819672131,1.74357991520531,3.93024344130806,"cuisine=Mexican,occasion=Margaritas","style=none"
"{cuisine=Mexican,occasion=Margaritas} => {price=$15-$30}",0.00191227560797349,0.782786885245902,1.37808296263763,1.98871071669626,"cuisine=Mexican,occasion=Margaritas","price=$15-$30"
"{cuisine=Korean,occasion=Weekend Dining} => {price=$15-$30}",0.0006007148506723,0.923076923076923,1.62506118187796,5.61566263853986,"cuisine=Korean,occasion=Weekend Dining","price=$15-$30"
"{cuisine=Italian,occasion=Great Place to Meet for a Drink} => {style=Cab}",0.000650774421561658,0.643564356435644,13.4984988419044,2.67179582592174,"cuisine=Italian,occasion=Great Place to Meet for a Drink","style=Cab"
"{cuisine=American,occasion=Great Place to Meet for a Drink} => {style=Cab}",0.000570679108138685,0.7125,14.9443957370853,3.31242874673035,"cuisine=American,occasion=Great Place to Meet for a Drink","style=Cab"
"{cuisine=Italian,occasion=Great Place to Meet for a Drink} => {price=$30-$50}",0.000760905477518247,0.752475247524752,3.02629274000482,3.03547061002593,"cuisine=Italian,occasion=Great Place to Meet for a Drink","price=$30-$50"
"{cuisine=American,occasion=Great Place to Meet for a Drink} => {price=$30-$50}",0.000520619537249327,0.65,2.61415945238575,2.14672603255016,"cuisine=American,occasion=Great Place to Meet for a Drink","price=$30-$50"
"{cuisine=French,occasion=Picnics} => {price=$30-$50}",0.0006007148506723,0.895522388059702,3.60159740856819,7.19153220904304,"cuisine=French,occasion=Picnics","price=$30-$50"
"{cuisine=Vegetarian,occasion=Weekend Brunch} => {style=Health Food}",0.000650774421561658,0.878378378378378,243.703641141141,8.19258695625573,"cuisine=Vegetarian,occasion=Weekend Brunch","style=Health Food"
"{cuisine=Salvadoran,occasion=Weekend Dining} => {price=$15-$30}",0.00054064336560507,0.72,1.26754772186481,1.54276446113732,"cuisine=Salvadoran,occasion=Weekend Dining","price=$15-$30"
"{cuisine=German,occasion=Weekend Brunch} => {price=$15-$30}",0.000590702936494428,1,1.76048294703446,NA,"cuisine=German,occasion=Weekend Brunch","price=$15-$30"
"{cuisine=German,occasion=Private Parties} => {price=$15-$30}",0.000530631451427198,0.913793103448276,1.60871717573838,5.01089896977403,"cuisine=German,occasion=Private Parties","price=$15-$30"
"{cuisine=German,occasion=Private Rooms Available} => {price=$15-$30}",0.000680810164095273,0.931506849315068,1.63990192326497,6.30682111712939,"cuisine=German,occasion=Private Rooms Available","price=$15-$30"
"{cuisine=Pacific New Wave,occasion=Weekend Lunch} => {price=$30-$50}",0.000560667193960813,0.554455445544555,2.22989991368777,1.68637256112552,"cuisine=Pacific New Wave,occasion=Weekend Lunch","price=$30-$50"
"{cuisine=Pacific New Wave,occasion=Weekend Lunch} => {style=none}",0.000630750593205915,0.623762376237624,1.24586577681105,1.32717776259011,"cuisine=Pacific New Wave,occasion=Weekend Lunch","style=none"
"{cuisine=Pacific New Wave,occasion=Weekend Brunch} => {price=$30-$50}",0.000630750593205915,0.557522123893805,2.24223343090949,1.69806029174718,"cuisine=Pacific New Wave,occasion=Weekend Brunch","price=$30-$50"
"{cuisine=Pacific New Wave,occasion=Weekend Brunch} => {style=none}",0.000750893563340375,0.663716814159292,1.32566838872646,1.48486224923448,"cuisine=Pacific New Wave,occasion=Weekend Brunch","style=none"
"{cuisine=Jewish,occasion=Catering for Special Events} => {style=Deli}",0.000510607623071455,0.490384615384615,91.7230445116681,1.95177317611732,"cuisine=Jewish,occasion=Catering for Special Events","style=Deli"
"{cuisine=Vietnamese,occasion=Weekend Lunch} => {style=none}",0.000670798249917402,1,1.99734037234787,NA,"cuisine=Vietnamese,occasion=Weekend Lunch","style=none"
"{cuisine=Vietnamese,occasion=Weekend Dining} => {style=none}",0.00126150118641183,0.818181818181818,1.63418757737553,2.74633814238944,"cuisine=Vietnamese,occasion=Weekend Dining","style=none"
"{cuisine=Vietnamese,occasion=Weekend Dining} => {price=$15-$30}",0.00084100079094122,0.545454545454545,0.960263425655159,0.950342908060592,"cuisine=Vietnamese,occasion=Weekend Dining","price=$15-$30"
"{cuisine=Jewish,occasion=Open for Breakfast} => {price=below $15}",0.000550655279782942,0.82089552238806,5.11298738286616,4.68692327202705,"cuisine=Jewish,occasion=Open for Breakfast","price=below $15"
"{cuisine=Jewish,occasion=Catering for Special Events} => {price=below $15}",0.00090107227600845,0.865384615384615,5.39008984592359,6.23590644295283,"cuisine=Jewish,occasion=Catering for Special Events","price=below $15"
"{cuisine=Dim Sum,occasion=Weekend Lunch} => {style=none}",0.000670798249917402,0.736263736263736,1.47056928513525,1.89330887088969,"cuisine=Dim Sum,occasion=Weekend Lunch","style=none"
"{cuisine=Dim Sum,occasion=Weekend Lunch} => {price=$15-$30}",0.000510607623071455,0.56043956043956,0.986644288997334,0.982740961744476,"cuisine=Dim Sum,occasion=Weekend Lunch","price=$15-$30"
"{cuisine=Dim Sum,occasion=Private Parties} => {style=none}",0.000530631451427198,0.828125,1.65404749585058,2.90521720847809,"cuisine=Dim Sum,occasion=Private Parties","style=none"
"{cuisine=Dim Sum,occasion=Private Parties} => {price=$15-$30}",0.000590702936494428,0.921875,1.62294521679739,5.52926782871617,"cuisine=Dim Sum,occasion=Private Parties","price=$15-$30"
"{cuisine=Dim Sum,occasion=Private Rooms Available} => {style=none}",0.000810965048407605,0.880434782608696,1.75852793652367,4.17624973718725,"cuisine=Dim Sum,occasion=Private Rooms Available","style=none"
"{cuisine=Dim Sum,occasion=Private Rooms Available} => {price=$15-$30}",0.00078092930587399,0.847826086956522,1.49258336813791,2.83868660849268,"cuisine=Dim Sum,occasion=Private Rooms Available","price=$15-$30"
"{cuisine=Dim Sum,occasion=Weekend Dining} => {style=none}",0.000680810164095273,0.829268292682927,1.6563310404836,2.92467178799915,"cuisine=Dim Sum,occasion=Weekend Dining","style=none"
"{cuisine=Dim Sum,occasion=Weekend Dining} => {price=$15-$30}",0.000500595708893583,0.609756097560976,1.07346521160638,1.10693350086603,"cuisine=Dim Sum,occasion=Weekend Dining","price=$15-$30"
"{cuisine=Hamburgers & Beer,occasion=After Hours Dining} => {price=$15-$30}",0.000590702936494428,0.776315789473684,1.36669070888201,1.93117810194131,"cuisine=Hamburgers & Beer,occasion=After Hours Dining","price=$15-$30"
"{cuisine=Hamburgers & Beer,occasion=Late Night Menu} => {price=$15-$30}",0.000590702936494428,0.776315789473684,1.36669070888201,1.93117810194131,"cuisine=Hamburgers & Beer,occasion=Late Night Menu","price=$15-$30"
"{cuisine=Hamburgers & Beer,occasion=Weekend Dining} => {price=$15-$30}",0.000570679108138685,0.703703703703704,1.23885837013536,1.45791241577477,"cuisine=Hamburgers & Beer,occasion=Weekend Dining","price=$15-$30"
"{cuisine=Fountain and Ice Cream,occasion=Dining After the Theater} => {price=$15-$30}",0.000560667193960813,0.823529411764706,1.44980948579308,2.44785294500456,"cuisine=Fountain and Ice Cream,occasion=Dining After the Theater","price=$15-$30"
"{cuisine=Seafood,occasion=Dining After the Theater} => {price=$15-$30}",0.000881048447652707,0.778761061946903,1.37099556937197,1.9525227020154,"cuisine=Seafood,occasion=Dining After the Theater","price=$15-$30"
"{cuisine=Italian,occasion=Dining After the Theater} => {style=none}",0.000510607623071455,0.62962962962963,1.2575846788857,1.34820236080936,"cuisine=Italian,occasion=Dining After the Theater","style=none"
"{cuisine=Italian,occasion=Dining After the Theater} => {price=$15-$30}",0.000730869734984632,0.901234567901235,1.58660808806809,4.37373724732432,"cuisine=Italian,occasion=Dining After the Theater","price=$15-$30"
"{cuisine=American,occasion=Dining After the Theater} => {style=none}",0.00141167989907991,0.524163568773234,1.04693305762472,1.0493820458846,"cuisine=American,occasion=Dining After the Theater","style=none"
"{cuisine=American,occasion=Dining After the Theater} => {price=$15-$30}",0.00206245432064156,0.765799256505576,1.34817653192973,1.8444606224264,"cuisine=American,occasion=Dining After the Theater","price=$15-$30"
"{cuisine=Tapas,occasion=Weekend Brunch} => {price=$15-$30}",0.000750893563340375,1,1.76048294703446,NA,"cuisine=Tapas,occasion=Weekend Brunch","price=$15-$30"
"{cuisine=Tapas,occasion=Weekend Dining} => {price=$15-$30}",0.000630750593205915,0.84,1.47880567550894,2.69983780699032,"cuisine=Tapas,occasion=Weekend Dining","price=$15-$30"
"{cuisine=Wine and Beer,occasion=Parties and Occasions} => {price=$30-$50}",0.00131156075730119,0.935714285714286,3.7632405303575,11.687730621662,"cuisine=Wine and Beer,occasion=Parties and Occasions","price=$30-$50"
"{cuisine=Fountain and Ice Cream,occasion=Parties and Occasions} => {price=$30-$50}",0.00131156075730119,0.935714285714286,3.7632405303575,11.687730621662,"cuisine=Fountain and Ice Cream,occasion=Parties and Occasions","price=$30-$50"
"{cuisine=French,occasion=Parties and Occasions} => {price=$30-$50}",0.001872227951262,0.954081632653061,3.83711002822712,16.3628228703268,"cuisine=French,occasion=Parties and Occasions","price=$30-$50"
"{cuisine=American,occasion=Parties and Occasions} => {price=$30-$50}",0.00112133438792163,0.918032786885246,3.6921293652863,9.1665201589892,"cuisine=American,occasion=Parties and Occasions","price=$30-$50"
"{cuisine=Greek,occasion=Entertainment} => {price=$15-$30}",0.000650774421561658,1,1.76048294703446,NA,"cuisine=Greek,occasion=Entertainment","price=$15-$30"
"{cuisine=Greek,occasion=Weekend Brunch} => {style=Cab}",0.000770917391696118,0.553956834532374,11.6190177635296,2.13504731921309,"cuisine=Greek,occasion=Weekend Brunch","style=Cab"
"{cuisine=Greek,occasion=Weekend Brunch} => {price=$15-$30}",0.00121144161552247,0.870503597122302,1.53250673806597,3.33579960152582,"cuisine=Greek,occasion=Weekend Brunch","price=$15-$30"
"{cuisine=Greek,occasion=Private Parties} => {price=$15-$30}",0.000620738679028043,0.953846153846154,1.67922988794056,9.35943773089979,"cuisine=Greek,occasion=Private Parties","price=$15-$30"
"{cuisine=Greek,occasion=Private Rooms Available} => {price=$15-$30}",0.000830988876763348,1,1.76048294703446,NA,"cuisine=Greek,occasion=Private Rooms Available","price=$15-$30"
"{cuisine=Caribbean,occasion=Dancing} => {style=none}",0.000520619537249327,0.928571428571429,1.85467320289445,6.9906789079004,"cuisine=Caribbean,occasion=Dancing","style=none"
"{cuisine=Caribbean,occasion=Catering for Special Events} => {style=none}",0.0006007148506723,0.895522388059702,1.78866302001302,4.77934170234007,"cuisine=Caribbean,occasion=Catering for Special Events","style=none"
"{cuisine=Caribbean,occasion=Catering for Special Events} => {price=$15-$30}",0.000550655279782942,0.82089552238806,1.44517256846112,2.41185510757802,"cuisine=Caribbean,occasion=Catering for Special Events","price=$15-$30"
"{cuisine=Caribbean,occasion=Entertainment} => {style=none}",0.000570679108138685,0.876923076923077,1.75151386498198,4.05709043762077,"cuisine=Caribbean,occasion=Entertainment","style=none"
"{cuisine=Caribbean,occasion=Entertainment} => {price=$15-$30}",0.000500595708893583,0.769230769230769,1.35421765156497,1.87188754617995,"cuisine=Caribbean,occasion=Entertainment","price=$15-$30"
"{cuisine=Caribbean,occasion=Dining Outdoors} => {style=none}",0.000590702936494428,0.830985915492958,1.65976171786654,2.95439406226743,"cuisine=Caribbean,occasion=Dining Outdoors","style=none"
"{cuisine=Caribbean,occasion=Dining Outdoors} => {price=$15-$30}",0.000520619537249327,0.732394366197183,1.28936779219425,1.61421881512684,"cuisine=Caribbean,occasion=Dining Outdoors","price=$15-$30"
"{cuisine=Caribbean,occasion=Takeout Available} => {price=$15-$30}",0.000610726764850172,0.924242424242424,1.62711302680458,5.70205744836356,"cuisine=Caribbean,occasion=Takeout Available","price=$15-$30"
"{cuisine=Caribbean,occasion=Private Parties} => {style=none}",0.00054064336560507,1,1.99734037234787,NA,"cuisine=Caribbean,occasion=Private Parties","style=none"
"{cuisine=Caribbean,occasion=Private Rooms Available} => {style=none}",0.00054064336560507,0.73972602739726,1.47748465899706,1.9184945875065,"cuisine=Caribbean,occasion=Private Rooms Available","style=none"
"{cuisine=Caribbean,occasion=Private Rooms Available} => {price=$15-$30}",0.000570679108138685,0.780821917808219,1.37462367097211,1.97088159910293,"cuisine=Caribbean,occasion=Private Rooms Available","price=$15-$30"
"{cuisine=Caribbean,occasion=Weekend Dining} => {style=none}",0.000991179503609295,0.860869565217391,1.71944953793425,3.5889646178953,"cuisine=Caribbean,occasion=Weekend Dining","style=none"
"{cuisine=Caribbean,occasion=Weekend Dining} => {price=$15-$30}",0.000881048447652707,0.765217391304348,1.3471521681655,1.83988946846748,"cuisine=Caribbean,occasion=Weekend Dining","price=$15-$30"
"{cuisine=Creole,occasion=Weekend Brunch} => {price=below $15}",0.000941119932719937,0.803418803418803,5.00413279522783,4.27024028158726,"cuisine=Creole,occasion=Weekend Brunch","price=below $15"
"{cuisine=Creole,occasion=Takeout Available} => {price=below $15}",0.000560667193960813,0.602150537634409,3.75052368729498,2.10996626526107,"cuisine=Creole,occasion=Takeout Available","price=below $15"
"{cuisine=Creole,occasion=Takeout Available} => {style=none}",0.000610726764850172,0.655913978494624,1.31008347003463,1.45119004114897,"cuisine=Creole,occasion=Takeout Available","style=none"
"{cuisine=Creole,occasion=Private Rooms Available} => {price=$15-$30}",0.000630750593205915,0.940298507462687,1.65537948751001,7.23556532273407,"cuisine=Creole,occasion=Private Rooms Available","price=$15-$30"
"{cuisine=Creole,occasion=Weekend Dining} => {style=none}",0.000510607623071455,0.728571428571429,1.45520512842488,1.83965234418432,"cuisine=Creole,occasion=Weekend Dining","style=none"
"{cuisine=Creole,occasion=Weekend Dining} => {price=$15-$30}",0.000510607623071455,0.728571428571429,1.28263757569653,1.59148333885745,"cuisine=Creole,occasion=Weekend Dining","price=$15-$30"
"{cuisine=Indian,occasion=Catering for Special Events} => {style=none}",0.000690822078273145,0.884615384615385,1.76687802169235,4.32756313346215,"cuisine=Indian,occasion=Catering for Special Events","style=none"
"{cuisine=Indian,occasion=Prix Fixe Menus} => {style=none}",0.000610726764850172,0.871428571428571,1.74053946733172,3.88371050438911,"cuisine=Indian,occasion=Prix Fixe Menus","style=none"
"{cuisine=Indian,occasion=Delivery Available} => {style=none}",0.000590702936494428,1,1.99734037234787,NA,"cuisine=Indian,occasion=Delivery Available","style=none"
"{cuisine=Indian,occasion=Private Parties} => {style=none}",0.000640762507383787,1,1.99734037234787,NA,"cuisine=Indian,occasion=Private Parties","style=none"
"{cuisine=Indian,occasion=Private Parties} => {price=$15-$30}",0.00054064336560507,0.84375,1.48540748656032,2.76463391435809,"cuisine=Indian,occasion=Private Parties","price=$15-$30"
"{cuisine=Indian,occasion=Private Rooms Available} => {style=none}",0.000550655279782942,0.932203389830508,1.86192746574802,7.36517956368078,"cuisine=Indian,occasion=Private Rooms Available","style=none"
"{cuisine=Indian,occasion=Weekend Dining} => {style=none}",0.0017320611527718,0.950549450549451,1.8985707934955,10.0976473114117,"cuisine=Indian,occasion=Weekend Dining","style=none"
"{cuisine=Indian,occasion=Weekend Dining} => {price=$15-$30}",0.00121144161552247,0.664835164835165,1.17043097028115,1.28884060556653,"cuisine=Indian,occasion=Weekend Dining","price=$15-$30"
"{cuisine=Cajun,occasion=Open on Sundays} => {style=none}",0.000590702936494428,1,1.99734037234787,NA,"cuisine=Cajun,occasion=Open on Sundays","style=none"
"{cuisine=Fountain and Ice Cream,occasion=Open on Sundays} => {style=Coffee Shops}",0.000570679108138685,0.780821917808219,48.8654598825832,4.48959574393528,"cuisine=Fountain and Ice Cream,occasion=Open on Sundays","style=Coffee Shops"
"{cuisine=Chinese,occasion=Open on Sundays} => {style=none}",0.00072085782080676,1,1.99734037234787,NA,"cuisine=Chinese,occasion=Open on Sundays","style=none"
"{cuisine=Fountain and Ice Cream,occasion=Open on Sundays} => {price=below $15}",0.000730869734984632,1,6.2285482664006,NA,"cuisine=Fountain and Ice Cream,occasion=Open on Sundays","price=below $15"
"{cuisine=Seafood,occasion=Open on Sundays} => {style=none}",0.000861024619296963,0.86,1.71771272021917,3.56667291219409,"cuisine=Seafood,occasion=Open on Sundays","style=none"
"{cuisine=Seafood,occasion=Open on Sundays} => {price=$15-$30}",0.00054064336560507,0.54,0.950660791398608,0.93907401982272,"cuisine=Seafood,occasion=Open on Sundays","price=$15-$30"
"{cuisine=French,occasion=Open on Sundays} => {style=none}",0.000800953134229733,0.952380952380952,1.90222892604559,10.4860183618506,"cuisine=French,occasion=Open on Sundays","style=none"
"{cuisine=American,occasion=Open on Sundays} => {price=below $15}",0.000851012705119092,0.491329479768786,3.06026937944538,1.65028031084263,"cuisine=American,occasion=Open on Sundays","price=below $15"
"{cuisine=Italian,occasion=Open on Sundays} => {style=none}",0.00172204923859393,0.89119170984456,1.78001318157427,4.58911914702305,"cuisine=Italian,occasion=Open on Sundays","style=none"
"{cuisine=Italian,occasion=Open on Sundays} => {price=$15-$30}",0.00145172755579139,0.751295336787565,1.32264262860102,1.73689565583044,"cuisine=Italian,occasion=Open on Sundays","price=$15-$30"
"{cuisine=American,occasion=Open on Sundays} => {style=none}",0.00107127481703227,0.61849710982659,1.23534924763712,1.30886087777789,"cuisine=American,occasion=Open on Sundays","style=none"
"{cuisine=Cajun,occasion=Open on Mondays} => {style=none}",0.000590702936494428,1,1.99734037234787,NA,"cuisine=Cajun,occasion=Open on Mondays","style=none"
"{cuisine=Fountain and Ice Cream,occasion=Open on Mondays} => {style=Coffee Shops}",0.000570679108138685,0.780821917808219,48.8654598825832,4.48959574393528,"cuisine=Fountain and Ice Cream,occasion=Open on Mondays","style=Coffee Shops"
"{cuisine=Chinese,occasion=Open on Mondays} => {style=none}",0.00072085782080676,1,1.99734037234787,NA,"cuisine=Chinese,occasion=Open on Mondays","style=none"
"{cuisine=Fountain and Ice Cream,occasion=Open on Mondays} => {price=below $15}",0.000730869734984632,1,6.2285482664006,NA,"cuisine=Fountain and Ice Cream,occasion=Open on Mondays","price=below $15"
"{cuisine=Seafood,occasion=Open on Mondays} => {style=none}",0.000861024619296963,0.86,1.71771272021917,3.56667291219409,"cuisine=Seafood,occasion=Open on Mondays","style=none"
"{cuisine=Seafood,occasion=Open on Mondays} => {price=$15-$30}",0.00054064336560507,0.54,0.950660791398608,0.93907401982272,"cuisine=Seafood,occasion=Open on Mondays","price=$15-$30"
"{cuisine=French,occasion=Open on Mondays} => {style=none}",0.000800953134229733,0.952380952380952,1.90222892604559,10.4860183618506,"cuisine=French,occasion=Open on Mondays","style=none"
"{cuisine=American,occasion=Open on Mondays} => {price=below $15}",0.000851012705119092,0.491329479768786,3.06026937944538,1.65028031084263,"cuisine=American,occasion=Open on Mondays","price=below $15"
"{cuisine=Italian,occasion=Open on Mondays} => {style=none}",0.00172204923859393,0.89119170984456,1.78001318157427,4.58911914702305,"cuisine=Italian,occasion=Open on Mondays","style=none"
"{cuisine=Italian,occasion=Open on Mondays} => {price=$15-$30}",0.00145172755579139,0.751295336787565,1.32264262860102,1.73689565583044,"cuisine=Italian,occasion=Open on Mondays","price=$15-$30"
"{cuisine=American,occasion=Open on Mondays} => {style=none}",0.00107127481703227,0.61849710982659,1.23534924763712,1.30886087777789,"cuisine=American,occasion=Open on Mondays","style=none"
"{cuisine=Coffee and Dessert,occasion=Fine for Dining Alone} => {price=$15-$30}",0.000550655279782942,0.846153846153846,1.48963941672146,2.80783131926993,"cuisine=Coffee and Dessert,occasion=Fine for Dining Alone","price=$15-$30"
"{cuisine=Coffee and Dessert,occasion=Open for Breakfast} => {price=$15-$30}",0.000620738679028043,0.666666666666667,1.17365529802297,1.29592214735535,"cuisine=Coffee and Dessert,occasion=Open for Breakfast","price=$15-$30"
"{cuisine=Coffee and Dessert,occasion=Special Brunch Menu} => {price=$15-$30}",0.000580691022316557,0.805555555555556,1.41816681844442,2.22158082403775,"cuisine=Coffee and Dessert,occasion=Special Brunch Menu","price=$15-$30"
"{cuisine=Coffee and Dessert,occasion=Delivery Available} => {price=$15-$30}",0.000580691022316557,0.805555555555556,1.41816681844442,2.22158082403775,"cuisine=Coffee and Dessert,occasion=Delivery Available","price=$15-$30"
"{cuisine=Coffee and Dessert,occasion=Takeout Available} => {price=$15-$30}",0.000580691022316557,0.805555555555556,1.41816681844442,2.22158082403775,"cuisine=Coffee and Dessert,occasion=Takeout Available","price=$15-$30"
"{cuisine=Coffee and Dessert,occasion=Weekend Dining} => {price=$15-$30}",0.000570679108138685,0.74025974025974,1.30321464910343,1.66310008910604,"cuisine=Coffee and Dessert,occasion=Weekend Dining","price=$15-$30"
"{cuisine=Spanish,occasion=Entertainment} => {style=none}",0.00072085782080676,0.847058823529412,1.69186478598878,3.2648775119315,"cuisine=Spanish,occasion=Entertainment","style=none"
"{cuisine=Spanish,occasion=Entertainment} => {price=$15-$30}",0.000700833992451017,0.823529411764706,1.44980948579308,2.44785294500455,"cuisine=Spanish,occasion=Entertainment","price=$15-$30"
"{cuisine=Spanish,occasion=Weekend Brunch} => {style=none}",0.000520619537249327,0.597701149425287,1.19381263634585,1.24120217344354,"cuisine=Spanish,occasion=Weekend Brunch","style=none"
"{cuisine=Spanish,occasion=Weekend Brunch} => {price=$15-$30}",0.00084100079094122,0.96551724137931,1.69977663851603,12.5272474244351,"cuisine=Spanish,occasion=Weekend Brunch","price=$15-$30"
"{cuisine=Spanish,occasion=Takeout Available} => {style=none}",0.000590702936494428,0.728395061728395,1.45485286380894,1.83845776474004,"cuisine=Spanish,occasion=Takeout Available","style=none"
"{cuisine=Spanish,occasion=Takeout Available} => {price=$15-$30}",0.000630750593205915,0.777777777777778,1.36926451436013,1.94388322103303,"cuisine=Spanish,occasion=Takeout Available","price=$15-$30"
"{cuisine=Spanish,occasion=Private Parties} => {style=none}",0.000640762507383787,0.680851063829787,1.35989131734323,1.56458051748247,"cuisine=Spanish,occasion=Private Parties","style=none"
"{cuisine=Spanish,occasion=Private Parties} => {price=$15-$30}",0.000730869734984632,0.776595744680851,1.36718356525016,1.93359812462545,"cuisine=Spanish,occasion=Private Parties","price=$15-$30"
"{cuisine=Spanish,occasion=Private Rooms Available} => {style=none}",0.000570679108138685,0.619565217391304,1.23748262199814,1.31253563168742,"cuisine=Spanish,occasion=Private Rooms Available","style=none"
"{cuisine=Spanish,occasion=Private Rooms Available} => {price=$15-$30}",0.000710845906628888,0.771739130434783,1.35863357868964,1.89245773899512,"cuisine=Spanish,occasion=Private Rooms Available","price=$15-$30"
"{cuisine=Spanish,occasion=Weekend Dining} => {style=none}",0.000800953134229733,0.650406504065041,1.29908316900675,1.42832808251121,"cuisine=Spanish,occasion=Weekend Dining","style=none"
"{cuisine=Spanish,occasion=Weekend Dining} => {price=$15-$30}",0.00112133438792163,0.910569105691057,1.60304138266552,4.83025527650632,"cuisine=Spanish,occasion=Weekend Dining","price=$15-$30"
"{cuisine=Chinese,occasion=Long Drive} => {style=none}",0.000500595708893583,0.87719298245614,1.75205295819989,4.06600711990125,"cuisine=Chinese,occasion=Long Drive","style=none"
"{cuisine=Chinese,occasion=Long Drive} => {price=$15-$30}",0.000570679108138685,1,1.76048294703446,NA,"cuisine=Chinese,occasion=Long Drive","price=$15-$30"
"{cuisine=French,occasion=Long Drive} => {style=none}",0.00169201349606031,0.800947867298578,1.59976551150138,2.50855994824317,"cuisine=French,occasion=Long Drive","style=none"
"{cuisine=Italian,occasion=Long Drive} => {style=none}",0.00198235900721859,0.801619433198381,1.60110685718574,2.51705202660554,"cuisine=Italian,occasion=Long Drive","style=none"
"{cuisine=Italian,occasion=Long Drive} => {price=$15-$30}",0.00191227560797349,0.773279352226721,1.36134511288899,1.9053141095046,"cuisine=Italian,occasion=Long Drive","price=$15-$30"
"{cuisine=American,occasion=Long Drive} => {style=none}",0.00171203732441606,0.697959183673469,1.39406205580198,1.65320109308455,"cuisine=American,occasion=Long Drive","style=none"
"{cuisine=American,occasion=Long Drive} => {price=$15-$30}",0.00143170372743565,0.583673469387755,1.02754718949358,1.03758472582373,"cuisine=American,occasion=Long Drive","price=$15-$30"
"{cuisine=Thai,occasion=Weekend Lunch} => {style=none}",0.000941119932719937,0.846846846846847,1.6914413964027,3.2603586503233,"cuisine=Thai,occasion=Weekend Lunch","style=none"
"{cuisine=Thai,occasion=Weekend Lunch} => {price=$15-$30}",0.00102121524614291,0.918918918918919,1.6177410864641,5.32767993912757,"cuisine=Thai,occasion=Weekend Lunch","price=$15-$30"
"{cuisine=Thai,occasion=Takeout Available} => {style=none}",0.000520619537249327,0.838709677419355,1.67518869938854,3.09587208778446,"cuisine=Thai,occasion=Takeout Available","style=none"
"{cuisine=Thai,occasion=Takeout Available} => {price=$15-$30}",0.000530631451427198,0.854838709677419,1.50492897085204,2.97582122726044,"cuisine=Thai,occasion=Takeout Available","price=$15-$30"
"{cuisine=Thai,occasion=Private Parties} => {style=none}",0.000680810164095273,0.829268292682927,1.6563310404836,2.92467178799915,"cuisine=Thai,occasion=Private Parties","style=none"
"{cuisine=Thai,occasion=Private Parties} => {price=$15-$30}",0.00066078633573953,0.804878048780488,1.41697407932042,2.21386700173206,"cuisine=Thai,occasion=Private Parties","price=$15-$30"
"{cuisine=Thai,occasion=Private Rooms Available} => {style=none}",0.00078092930587399,0.876404494382023,1.75047807913634,4.04006768053984,"cuisine=Thai,occasion=Private Rooms Available","style=none"
"{cuisine=Thai,occasion=Private Rooms Available} => {price=$15-$30}",0.000730869734984632,0.820224719101124,1.44399163071366,2.40285564822138,"cuisine=Thai,occasion=Private Rooms Available","price=$15-$30"
"{cuisine=Thai,occasion=Weekend Dining} => {style=none}",0.00252300237282366,0.863013698630137,1.72373210216323,3.64513971626235,"cuisine=Thai,occasion=Weekend Dining","style=none"
"{cuisine=Thai,occasion=Weekend Dining} => {price=$15-$30}",0.00243289514522282,0.832191780821918,1.46505943879922,2.57421270086914,"cuisine=Thai,occasion=Weekend Dining","price=$15-$30"
"{cuisine=Vegetarian,occasion=Fine for Dining Alone} => {price=below $15}",0.000530631451427198,1,6.2285482664006,NA,"cuisine=Vegetarian,occasion=Fine for Dining Alone","price=below $15"
"{cuisine=Vegetarian,occasion=Open for Breakfast} => {price=below $15}",0.00054064336560507,0.915254237288136,5.70070519297682,9.90549754207508,"cuisine=Vegetarian,occasion=Open for Breakfast","price=below $15"
"{cuisine=Vegetarian,occasion=Catering for Special Events} => {price=below $15}",0.00084100079094122,0.785046728971963,4.88970144278178,3.9052624797422,"cuisine=Vegetarian,occasion=Catering for Special Events","price=below $15"
"{cuisine=Vegetarian,occasion=Weekend Brunch} => {price=below $15}",0.000560667193960813,0.756756756756757,4.71349598538424,3.45106788189056,"cuisine=Vegetarian,occasion=Weekend Brunch","price=below $15"
"{cuisine=Vegetarian,occasion=Takeout Available} => {price=below $15}",0.00100119141778717,0.680272108843537,4.23710766421809,2.62551052774078,"cuisine=Vegetarian,occasion=Takeout Available","price=below $15"
"{cuisine=Cajun,occasion=Weekend Brunch} => {price=below $15}",0.000941119932719937,0.803418803418803,5.00413279522783,4.27024028158726,"cuisine=Cajun,occasion=Weekend Brunch","price=below $15"
"{cuisine=Cajun,occasion=Takeout Available} => {style=none}",0.000911084190186322,0.659420289855073,1.31708676727287,1.46613022688489,"cuisine=Cajun,occasion=Takeout Available","style=none"
"{cuisine=Cajun,occasion=Takeout Available} => {price=$15-$30}",0.000750893563340375,0.543478260869565,0.956784210344814,0.946228869497559,"cuisine=Cajun,occasion=Takeout Available","price=$15-$30"
"{cuisine=Cajun,occasion=Private Parties} => {price=$15-$30}",0.000580691022316557,0.935483870967742,1.64690340206449,6.69559776133599,"cuisine=Cajun,occasion=Private Parties","price=$15-$30"
"{cuisine=Cajun,occasion=Private Rooms Available} => {style=none}",0.000700833992451017,0.707070707070707,1.41226086933688,1.70462367458655,"cuisine=Cajun,occasion=Private Rooms Available","style=none"
"{cuisine=Cajun,occasion=Private Rooms Available} => {price=$15-$30}",0.000881048447652707,0.888888888888889,1.5648737306973,3.88776644206606,"cuisine=Cajun,occasion=Private Rooms Available","price=$15-$30"
"{cuisine=Cajun,occasion=Weekend Dining} => {style=none}",0.000510607623071455,0.566666666666667,1.13182621099713,1.15230971009347,"cuisine=Cajun,occasion=Weekend Dining","style=none"
"{cuisine=Cajun,occasion=Weekend Dining} => {price=$15-$30}",0.000510607623071455,0.566666666666667,0.997607003319526,0.996863190273349,"cuisine=Cajun,occasion=Weekend Dining","price=$15-$30"
"{cuisine=Mediterranean,occasion=Weekend Brunch} => {price=$15-$30}",0.000891060361830578,0.801801801801802,1.41155839897357,2.17950542964309,"cuisine=Mediterranean,occasion=Weekend Brunch","price=$15-$30"
"{cuisine=Mediterranean,occasion=Private Parties} => {price=$15-$30}",0.000921096104364193,0.666666666666667,1.17365529802297,1.29592214735535,"cuisine=Mediterranean,occasion=Private Parties","price=$15-$30"
"{cuisine=Mediterranean,occasion=Private Rooms Available} => {price=$15-$30}",0.00104123907449865,0.611764705882353,1.07700133230343,1.11266042954753,"cuisine=Mediterranean,occasion=Private Rooms Available","price=$15-$30"
"{cuisine=Mediterranean,occasion=Weekend Dining} => {price=$15-$30}",0.000830988876763348,0.633587786259542,1.11542049315924,1.17892917571911,"cuisine=Mediterranean,occasion=Weekend Dining","price=$15-$30"
"{cuisine=Mexican,occasion=Short Drive} => {style=none}",0.000620738679028043,0.861111111111111,1.71993198729956,3.59520629549164,"cuisine=Mexican,occasion=Short Drive","style=none"
"{cuisine=French,occasion=Short Drive} => {style=none}",0.000941119932719937,0.776859504132231,1.55165285124545,2.23775700490992,"cuisine=French,occasion=Short Drive","style=none"
"{cuisine=French,occasion=Short Drive} => {price=$15-$30}",0.000680810164095273,0.56198347107438,0.989362317341679,0.986204904591181,"cuisine=French,occasion=Short Drive","price=$15-$30"
"{cuisine=Italian,occasion=Short Drive} => {style=none}",0.00197234709304072,0.654485049833887,1.30722941313133,1.44518842807556,"cuisine=Italian,occasion=Short Drive","style=none"
"{cuisine=Italian,occasion=Short Drive} => {price=$15-$30}",0.00263313342878025,0.87375415282392,1.53822928594705,3.42168917854352,"cuisine=Italian,occasion=Short Drive","price=$15-$30"
"{cuisine=American,occasion=Short Drive} => {style=none}",0.00147175138414713,0.706730769230769,1.41158189776508,1.70264779021462,"cuisine=American,occasion=Short Drive","style=none"
"{cuisine=French,occasion=Game} => {style=none}",0.00215256154824241,0.56282722513089,1.12415753941045,1.14218962481521,"cuisine=French,occasion=Game","style=none"
"{cuisine=Italian,occasion=Game} => {price=$30-$50}",0.00147175138414713,0.510416666666667,2.05278546741829,1.53468073816352,"cuisine=Italian,occasion=Game","price=$30-$50"
"{cuisine=Italian,occasion=Game} => {style=none}",0.00185220412290626,0.642361111111111,1.28301378084846,1.3961966196084,"cuisine=Italian,occasion=Game","style=none"
"{cuisine=American,occasion=Game} => {price=$30-$50}",0.0032138244510968,0.642,2.58198518220254,2.09875450109653,"cuisine=American,occasion=Game","price=$30-$50"
"{cuisine=Seafood,occasion=Pre-theater Dining} => {style=none}",0.000570679108138685,0.548076923076923,1.09469616561374,1.1049097362031,"cuisine=Seafood,occasion=Pre-theater Dining","style=none"
"{cuisine=Seafood,occasion=Pre-theater Dining} => {price=$15-$30}",0.000871036533474835,0.836538461538462,1.4727116960769,2.64266477107759,"cuisine=Seafood,occasion=Pre-theater Dining","price=$15-$30"
"{cuisine=French,occasion=Pre-theater Dining} => {price=$30-$50}",0.00168200158188244,0.538461538461538,2.165575877716,1.62793390801721,"cuisine=French,occasion=Pre-theater Dining","price=$30-$50"
"{cuisine=Italian,occasion=Pre-theater Dining} => {style=none}",0.00144171564161352,0.663594470046083,1.32542402588983,1.48432223386926,"cuisine=Italian,occasion=Pre-theater Dining","style=none"
"{cuisine=Italian,occasion=Pre-theater Dining} => {price=$15-$30}",0.00122145352970034,0.56221198156682,0.989764606166838,0.98671967009162,"cuisine=Italian,occasion=Pre-theater Dining","price=$15-$30"
"{cuisine=American,occasion=Pre-theater Dining} => {price=$30-$50}",0.00251299045864579,0.506048387096774,2.03521719152861,1.52110873163554,"cuisine=American,occasion=Pre-theater Dining","price=$30-$50"
"{cuisine=Japanese,occasion=Catering for Special Events} => {style=none}",0.000500595708893583,0.909090909090909,1.8157639748617,5.49267628477888,"cuisine=Japanese,occasion=Catering for Special Events","style=none"
"{cuisine=Japanese,occasion=Prix Fixe Menus} => {style=none}",0.000630750593205915,0.875,1.74767282580439,3.99467366165737,"cuisine=Japanese,occasion=Prix Fixe Menus","style=none"
"{cuisine=Japanese,occasion=Weekend Lunch} => {style=none}",0.000640762507383787,0.790123456790123,1.57814547938597,2.37918063672241,"cuisine=Japanese,occasion=Weekend Lunch","style=none"
"{cuisine=Japanese,occasion=Takeout Available} => {style=none}",0.00090107227600845,0.803571428571429,1.60500565635097,2.54206505741833,"cuisine=Japanese,occasion=Takeout Available","style=none"
"{cuisine=Japanese,occasion=Takeout Available} => {price=$15-$30}",0.000710845906628888,0.633928571428571,1.11602043963792,1.1800266707626,"cuisine=Japanese,occasion=Takeout Available","price=$15-$30"
"{cuisine=Japanese,occasion=Private Parties} => {style=none}",0.00143170372743565,0.772972972972973,1.54389012565268,2.19944829585302,"cuisine=Japanese,occasion=Private Parties","style=none"
"{cuisine=Japanese,occasion=Private Parties} => {price=$15-$30}",0.00143170372743565,0.772972972972973,1.36080573743745,1.9027428354027,"cuisine=Japanese,occasion=Private Parties","price=$15-$30"
"{cuisine=Japanese,occasion=Private Rooms Available} => {style=none}",0.0015918943542816,0.771844660194175,1.54163650098695,2.18857120824845,"cuisine=Japanese,occasion=Private Rooms Available","style=none"
"{cuisine=Japanese,occasion=Private Rooms Available} => {price=$15-$30}",0.00147175138414713,0.713592233009709,1.25626695734983,1.50824837488815,"cuisine=Japanese,occasion=Private Rooms Available","price=$15-$30"
"{cuisine=Japanese,occasion=Weekend Dining} => {style=none}",0.00260309768624663,0.87248322147651,1.74264596245116,3.91583141833519,"cuisine=Japanese,occasion=Weekend Dining","style=none"
"{cuisine=Japanese,occasion=Weekend Dining} => {price=$15-$30}",0.0025430262011794,0.852348993288591,1.50054586760655,2.92564242357497,"cuisine=Japanese,occasion=Weekend Dining","price=$15-$30"
"{cuisine=Seafood,occasion=Fine for Dining Alone} => {style=none}",0.000570679108138685,0.542857142857143,1.08427048784599,1.09229357935944,"cuisine=Seafood,occasion=Fine for Dining Alone","style=none"
"{cuisine=Seafood,occasion=Fine for Dining Alone} => {price=$15-$30}",0.0006007148506723,0.571428571428571,1.00599025544826,1.00793944794305,"cuisine=Seafood,occasion=Fine for Dining Alone","price=$15-$30"
"{cuisine=French,occasion=Fine for Dining Alone} => {price=$30-$50}",0.000921096104364193,0.643356643356643,2.5874413084399,2.1067379986105,"cuisine=French,occasion=Fine for Dining Alone","price=$30-$50"
"{cuisine=Italian,occasion=Fine for Dining Alone} => {style=none}",0.000981167589431423,0.890909090909091,1.77944869536447,4.57723023731574,"cuisine=Italian,occasion=Fine for Dining Alone","style=none"
"{cuisine=Chinese,occasion=Weekend Jazz Brunch} => {style=none}",0.000500595708893583,0.892857142857143,1.78333961816774,4.66045260526693,"cuisine=Chinese,occasion=Weekend Jazz Brunch","style=none"
"{cuisine=Mexican,occasion=Weekend Jazz Brunch} => {style=none}",0.00164195392517095,0.863157894736842,1.72402011086869,3.64898074862933,"cuisine=Mexican,occasion=Weekend Jazz Brunch","style=none"
"{cuisine=Mexican,occasion=Weekend Jazz Brunch} => {price=$15-$30}",0.00148176329832501,0.778947368421053,1.37132355874263,1.95416831744061,"cuisine=Mexican,occasion=Weekend Jazz Brunch","price=$15-$30"
"{cuisine=Seafood,occasion=Weekend Jazz Brunch} => {style=none}",0.0006007148506723,0.769230769230769,1.53641567103682,2.16378156673108,"cuisine=Seafood,occasion=Weekend Jazz Brunch","style=none"
"{cuisine=Seafood,occasion=Weekend Jazz Brunch} => {price=$15-$30}",0.00066078633573953,0.846153846153846,1.48963941672146,2.80783131926993,"cuisine=Seafood,occasion=Weekend Jazz Brunch","price=$15-$30"
"{cuisine=French,occasion=Weekend Jazz Brunch} => {price=$30-$50}",0.00090107227600845,0.604026845637584,2.4292653661819,1.89748750165239,"cuisine=French,occasion=Weekend Jazz Brunch","price=$30-$50"
"{cuisine=Italian,occasion=Weekend Jazz Brunch} => {style=none}",0.00137163224236842,0.649289099526066,1.29685133180881,1.4237772679218,"cuisine=Italian,occasion=Weekend Jazz Brunch","style=none"
"{cuisine=Italian,occasion=Weekend Jazz Brunch} => {price=$15-$30}",0.00206245432064156,0.976303317535545,1.7187653416545,18.2293048727987,"cuisine=Italian,occasion=Weekend Jazz Brunch","price=$15-$30"
"{cuisine=Bar-B-Q,occasion=Catering for Special Events} => {price=below $15}",0.00103122716032078,0.677631578947368,4.22066099631093,2.60400488826602,"cuisine=Bar-B-Q,occasion=Catering for Special Events","price=below $15"
"{cuisine=Bar-B-Q,occasion=Catering for Special Events} => {style=none}",0.000750893563340375,0.493421052631579,0.985529788987436,0.985698695733637,"cuisine=Bar-B-Q,occasion=Catering for Special Events","style=none"
"{cuisine=Bar-B-Q,occasion=Delivery Available} => {price=$15-$30}",0.000620738679028043,0.553571428571429,0.974553059965504,0.96762187002533,"cuisine=Bar-B-Q,occasion=Delivery Available","price=$15-$30"
"{cuisine=Bar-B-Q,occasion=Weekend Lunch} => {price=$15-$30}",0.000971155675253552,0.808333333333333,1.42305704885285,2.25377764757453,"cuisine=Bar-B-Q,occasion=Weekend Lunch","price=$15-$30"
"{cuisine=Bar-B-Q,occasion=Weekend Brunch} => {style=none}",0.00084100079094122,0.608695652173913,1.21577240055957,1.27607630858499,"cuisine=Bar-B-Q,occasion=Weekend Brunch","style=none"
"{cuisine=Bar-B-Q,occasion=Weekend Brunch} => {price=$15-$30}",0.000971155675253552,0.702898550724638,1.23744091204596,1.4539614336182,"cuisine=Bar-B-Q,occasion=Weekend Brunch","price=$15-$30"
"{cuisine=Bar-B-Q,occasion=Dining Outdoors} => {price=$15-$30}",0.000590702936494428,0.710843373493976,1.25142763704859,1.49391025320131,"cuisine=Bar-B-Q,occasion=Dining Outdoors","price=$15-$30"
"{cuisine=Bar-B-Q,occasion=Takeout Available} => {style=none}",0.000810965048407605,0.515923566878981,1.03047496917311,1.03151935013192,"cuisine=Bar-B-Q,occasion=Takeout Available","style=none"
"{cuisine=Bar-B-Q,occasion=Takeout Available} => {price=$15-$30}",0.00101120333196504,0.643312101910828,1.13253998503491,1.2110701019928,"cuisine=Bar-B-Q,occasion=Takeout Available","price=$15-$30"
"{cuisine=Bar-B-Q,occasion=Private Parties} => {style=none}",0.000951131846897808,0.516304347826087,1.03123551833178,1.03233139570921,"cuisine=Bar-B-Q,occasion=Private Parties","style=none"
"{cuisine=Bar-B-Q,occasion=Private Parties} => {price=$15-$30}",0.0010612629028544,0.576086956521739,1.0141912629655,1.01901570561276,"cuisine=Bar-B-Q,occasion=Private Parties","price=$15-$30"
"{cuisine=Bar-B-Q,occasion=Private Rooms Available} => {price=$15-$30}",0.00112133438792163,0.636363636363636,1.12030732993102,1.18792863507574,"cuisine=Bar-B-Q,occasion=Private Rooms Available","price=$15-$30"
"{cuisine=Bar-B-Q,occasion=Weekend Dining} => {style=none}",0.00148176329832501,0.530465949820789,1.05952105773292,1.063467511071,"cuisine=Bar-B-Q,occasion=Weekend Dining","style=none"
"{cuisine=Bar-B-Q,occasion=Weekend Dining} => {price=$15-$30}",0.00153182286921437,0.548387096774194,0.965426132244703,0.956513965905141,"cuisine=Bar-B-Q,occasion=Weekend Dining","price=$15-$30"
"{cuisine=Wine and Beer,occasion=Open for Breakfast} => {price=below $15}",0.000770917391696118,0.506578947368421,3.15525142442662,1.70128319366713,"cuisine=Wine and Beer,occasion=Open for Breakfast","price=below $15"
"{cuisine=Wine and Beer,occasion=Private Rooms Available} => {price=$30-$50}",0.000891060361830578,0.532934131736527,2.14334584304313,1.6086684179815,"cuisine=Wine and Beer,occasion=Private Rooms Available","price=$30-$50"
"{cuisine=Wine and Beer,occasion=Weekend Dining} => {price=$15-$30}",0.00131156075730119,0.61214953271028,1.07767881337156,1.11376441579938,"cuisine=Wine and Beer,occasion=Weekend Dining","price=$15-$30"
"{cuisine=Fountain and Ice Cream,occasion=Open for Breakfast} => {price=below $15}",0.00147175138414713,0.576470588235294,3.59057488298387,1.98203222946417,"cuisine=Fountain and Ice Cream,occasion=Open for Breakfast","price=below $15"
"{cuisine=Seafood,occasion=Open for Breakfast} => {price=$15-$30}",0.000650774421561658,0.928571428571429,1.63473416510343,6.04763668765832,"cuisine=Seafood,occasion=Open for Breakfast","price=$15-$30"
"{cuisine=Italian,occasion=Open for Breakfast} => {price=$15-$30}",0.000931108018542065,0.603896103896104,1.06314879268964,1.09055743547937,"cuisine=Italian,occasion=Open for Breakfast","price=$15-$30"
"{cuisine=Chinese,occasion=After Hours Dining} => {style=none}",0.000891060361830578,0.917525773195876,1.83261126947382,6.05442726844944,"cuisine=Chinese,occasion=After Hours Dining","style=none"
"{cuisine=Chinese,occasion=After Hours Dining} => {price=$15-$30}",0.000530631451427198,0.54639175257732,0.961913362812642,0.952306426465676,"cuisine=Chinese,occasion=After Hours Dining","price=$15-$30"
"{cuisine=Mexican,occasion=After Hours Dining} => {style=none}",0.00116138204463311,0.640883977900553,1.28006344305167,1.39045371684612,"cuisine=Mexican,occasion=After Hours Dining","style=none"
"{cuisine=Mexican,occasion=After Hours Dining} => {price=$15-$30}",0.00117139395881098,0.646408839779006,1.13799173924327,1.22167660766312,"cuisine=Mexican,occasion=After Hours Dining","price=$15-$30"
"{cuisine=Seafood,occasion=After Hours Dining} => {price=$15-$30}",0.000710845906628888,0.71,1.24994289239447,1.48956568661535,"cuisine=Seafood,occasion=After Hours Dining","price=$15-$30"
"{cuisine=French,occasion=After Hours Dining} => {style=none}",0.000891060361830578,0.549382716049383,1.09730427863556,1.10811152943235,"cuisine=French,occasion=After Hours Dining","style=none"
"{cuisine=Italian,occasion=After Hours Dining} => {price=$15-$30}",0.00239284748851133,0.654794520547945,1.15275458723626,1.25135339625583,"cuisine=Italian,occasion=After Hours Dining","price=$15-$30"
"{cuisine=American,occasion=After Hours Dining} => {price=$15-$30}",0.00545649322694006,0.71994715984148,1.26745469766682,1.54247337350315,"cuisine=American,occasion=After Hours Dining","price=$15-$30"
"{cuisine=Mexican,occasion=Dancing} => {style=none}",0.000770917391696118,0.875,1.74767282580439,3.99467366165737,"cuisine=Mexican,occasion=Dancing","style=none"
"{cuisine=Mexican,occasion=Dancing} => {price=$15-$30}",0.000760905477518247,0.863636363636364,1.52041709062067,3.16780969353531,"cuisine=Mexican,occasion=Dancing","price=$15-$30"
"{cuisine=Fountain and Ice Cream,occasion=Dancing} => {price=$30-$50}",0.000610726764850172,0.564814814814815,2.27156305691639,1.72651583043396,"cuisine=Fountain and Ice Cream,occasion=Dancing","price=$30-$50"
"{cuisine=Seafood,occasion=Dancing} => {price=$30-$50}",0.000951131846897808,0.542857142857143,2.18325404814634,1.64358711867122,"cuisine=Seafood,occasion=Dancing","price=$30-$50"
"{cuisine=French,occasion=Dancing} => {style=none}",0.00066078633573953,0.540983606557377,1.08052839815541,1.0878352382192,"cuisine=French,occasion=Dancing","style=none"
"{cuisine=Italian,occasion=Dancing} => {style=none}",0.00131156075730119,0.598173515981735,1.19475611313959,1.24266126690762,"cuisine=Italian,occasion=Dancing","style=none"
"{cuisine=Italian,occasion=Dancing} => {price=$15-$30}",0.00131156075730119,0.598173515981735,1.05307427425349,1.07502632678342,"cuisine=Italian,occasion=Dancing","price=$15-$30"
"{cuisine=Mexican,occasion=Special Brunch Menu} => {price=$15-$30}",0.00109129864538801,1,1.76048294703446,NA,"cuisine=Mexican,occasion=Special Brunch Menu","price=$15-$30"
"{cuisine=Fountain and Ice Cream,occasion=Special Brunch Menu} => {price=$15-$30}",0.000730869734984632,0.629310344827586,1.10789013046134,1.16532534180791,"cuisine=Fountain and Ice Cream,occasion=Special Brunch Menu","price=$15-$30"
"{cuisine=Seafood,occasion=Special Brunch Menu} => {style=none}",0.00122145352970034,0.516949152542373,1.0325234128239,1.03370941244643,"cuisine=Seafood,occasion=Special Brunch Menu","style=none"
"{cuisine=Seafood,occasion=Special Brunch Menu} => {price=$15-$30}",0.00163194201099308,0.690677966101695,1.21592678121448,1.3965188437254,"cuisine=Seafood,occasion=Special Brunch Menu","price=$15-$30"
"{cuisine=French,occasion=Special Brunch Menu} => {price=$30-$50}",0.00109129864538801,0.592391304347826,2.38246973503383,1.84332208661641,"cuisine=French,occasion=Special Brunch Menu","price=$30-$50"
"{cuisine=French,occasion=Special Brunch Menu} => {style=none}",0.000951131846897808,0.516304347826087,1.03123551833178,1.03233139570921,"cuisine=French,occasion=Special Brunch Menu","style=none"
"{cuisine=Italian,occasion=Special Brunch Menu} => {price=$15-$30}",0.00145172755579139,0.911949685534591,1.60547186993708,4.9059909864167,"cuisine=Italian,occasion=Special Brunch Menu","price=$15-$30"
"{cuisine=American,occasion=Special Brunch Menu} => {price=$15-$30}",0.00816972196914328,0.567060458651842,0.998300267394106,0.997769914416454,"cuisine=American,occasion=Special Brunch Menu","price=$15-$30"
"{cuisine=Chinese,occasion=Late Night Menu} => {style=none}",0.0010612629028544,0.87603305785124,1.74973619395764,4.02796260883785,"cuisine=Chinese,occasion=Late Night Menu","style=none"
"{cuisine=Chinese,occasion=Late Night Menu} => {price=$15-$30}",0.000680810164095273,0.56198347107438,0.989362317341679,0.986204904591181,"cuisine=Chinese,occasion=Late Night Menu","price=$15-$30"
"{cuisine=Mexican,occasion=Late Night Menu} => {style=none}",0.00122145352970034,0.677777777777778,1.35375291903578,1.54965788598777,"cuisine=Mexican,occasion=Late Night Menu","style=none"
"{cuisine=Mexican,occasion=Late Night Menu} => {price=$15-$30}",0.00117139395881098,0.65,1.1443139155724,1.23421156890986,"cuisine=Mexican,occasion=Late Night Menu","price=$15-$30"
"{cuisine=Fountain and Ice Cream,occasion=Late Night Menu} => {price=$15-$30}",0.000911084190186322,0.575949367088608,1.01394903911478,1.01868507105545,"cuisine=Fountain and Ice Cream,occasion=Late Night Menu","price=$15-$30"
"{cuisine=Seafood,occasion=Late Night Menu} => {style=none}",0.000740881649162503,0.528571428571429,1.0557370539553,1.0591937739243,"cuisine=Seafood,occasion=Late Night Menu","style=none"
"{cuisine=Seafood,occasion=Late Night Menu} => {price=$15-$30}",0.000981167589431423,0.7,1.23233806292412,1.4399134970615,"cuisine=Seafood,occasion=Late Night Menu","price=$15-$30"
"{cuisine=French,occasion=Late Night Menu} => {price=$30-$50}",0.000921096104364193,0.582278481012658,2.34179814624624,1.79869620606097,"cuisine=French,occasion=Late Night Menu","price=$30-$50"
"{cuisine=Italian,occasion=Late Night Menu} => {style=none}",0.00309368148096235,0.620481927710843,1.2393136045291,1.31570600760937,"cuisine=Italian,occasion=Late Night Menu","style=none"
"{cuisine=Italian,occasion=Late Night Menu} => {price=$15-$30}",0.00305363382425086,0.612449799196787,1.07820742740062,1.11462733917611,"cuisine=Italian,occasion=Late Night Menu","price=$15-$30"
"{cuisine=American,occasion=Late Night Menu} => {price=$15-$30}",0.00590702936494428,0.691676436107855,1.21768457063345,1.40104130759711,"cuisine=American,occasion=Late Night Menu","price=$15-$30"
"{cuisine=Chinese,occasion=Catering for Special Events} => {style=none}",0.000991179503609295,0.853448275862069,1.70462669708999,3.40722165259011,"cuisine=Chinese,occasion=Catering for Special Events","style=none"
"{cuisine=Mexican,occasion=Catering for Special Events} => {style=none}",0.00108128673121014,0.613636363636364,1.22564068303165,1.29239441994797,"cuisine=Mexican,occasion=Catering for Special Events","style=none"
"{cuisine=Mexican,occasion=Catering for Special Events} => {price=$15-$30}",0.00108128673121014,0.613636363636364,1.08029635386205,1.11805048007128,"cuisine=Mexican,occasion=Catering for Special Events","price=$15-$30"
"{cuisine=Fountain and Ice Cream,occasion=Catering for Special Events} => {price=$30-$50}",0.00066078633573953,0.589285714285714,2.36997972331675,1.82938392339057,"cuisine=Fountain and Ice Cream,occasion=Catering for Special Events","price=$30-$50"
"{cuisine=Seafood,occasion=Catering for Special Events} => {style=none}",0.000941119932719937,0.783333333333333,1.5645832916725,2.30461942018695,"cuisine=Seafood,occasion=Catering for Special Events","style=none"
"{cuisine=Seafood,occasion=Catering for Special Events} => {price=$15-$30}",0.00096114376107568,0.8,1.40838635762757,2.15987024559225,"cuisine=Seafood,occasion=Catering for Special Events","price=$15-$30"
"{cuisine=French,occasion=Catering for Special Events} => {price=$30-$50}",0.00135160841401268,0.503731343283582,2.02589854231961,1.51400678085117,"cuisine=French,occasion=Catering for Special Events","price=$30-$50"
"{cuisine=Italian,occasion=Catering for Special Events} => {style=none}",0.0030736576526066,0.546263345195729,1.09107383329323,1.10049343031933,"cuisine=Italian,occasion=Catering for Special Events","style=none"
"{cuisine=Italian,occasion=Catering for Special Events} => {price=$15-$30}",0.00347413421972147,0.617437722419929,1.08698858117608,1.12916007257939,"cuisine=Italian,occasion=Catering for Special Events","price=$15-$30"
"{cuisine=Chinese,occasion=Prix Fixe Menus} => {style=none}",0.000550655279782942,0.808823529411765,1.61549588939901,2.61190200954521,"cuisine=Chinese,occasion=Prix Fixe Menus","style=none"
"{cuisine=Chinese,occasion=Delivery Available} => {style=none}",0.00066078633573953,0.673469387755102,1.34514759770367,1.52921101110321,"cuisine=Chinese,occasion=Delivery Available","style=none"
"{cuisine=Chinese,occasion=Weekend Lunch} => {style=none}",0.00144171564161352,0.778378378378378,1.5546865600978,2.25309337623968,"cuisine=Chinese,occasion=Weekend Lunch","style=none"
"{cuisine=Chinese,occasion=Weekend Lunch} => {price=$15-$30}",0.00118140587298886,0.637837837837838,1.12290263648684,1.19276416547632,"cuisine=Chinese,occasion=Weekend Lunch","price=$15-$30"
"{cuisine=Chinese,occasion=Weekend Brunch} => {style=none}",0.00084100079094122,0.651162790697674,1.30059373083117,1.43142472876056,"cuisine=Chinese,occasion=Weekend Brunch","style=none"
"{cuisine=Chinese,occasion=Weekend Brunch} => {price=$15-$30}",0.000911084190186322,0.705426356589147,1.24189107116384,1.46643821937579,"cuisine=Chinese,occasion=Weekend Brunch","price=$15-$30"
"{cuisine=Chinese,occasion=Takeout Available} => {style=none}",0.00140166798490203,0.769230769230769,1.53641567103682,2.16378156673108,"cuisine=Chinese,occasion=Takeout Available","style=none"
"{cuisine=Chinese,occasion=Private Parties} => {style=none}",0.00318378870856319,0.771844660194175,1.54163650098695,2.18857120824845,"cuisine=Chinese,occasion=Private Parties","style=none"
"{cuisine=Chinese,occasion=Private Parties} => {price=$15-$30}",0.00257306194371302,0.62378640776699,1.09816533346567,1.14821489185033,"cuisine=Chinese,occasion=Private Parties","price=$15-$30"
"{cuisine=Chinese,occasion=Private Rooms Available} => {style=none}",0.00338402699212062,0.787878787878788,1.57366211154681,2.35400412204809,"cuisine=Chinese,occasion=Private Rooms Available","style=none"
"{cuisine=Chinese,occasion=Private Rooms Available} => {price=$15-$30}",0.00275327639891471,0.641025641025641,1.12851470963747,1.20335627968711,"cuisine=Chinese,occasion=Private Rooms Available","price=$15-$30"
"{cuisine=Chinese,occasion=Weekend Dining} => {style=none}",0.0034641223055436,0.763796909492274,1.52556240360345,2.11400370178831,"cuisine=Chinese,occasion=Weekend Dining","style=none"
"{cuisine=Chinese,occasion=Weekend Dining} => {price=$15-$30}",0.00296352659665001,0.653421633554084,1.15033764309536,1.24639646019528,"cuisine=Chinese,occasion=Weekend Dining","price=$15-$30"
"{cuisine=Fountain and Ice Cream,occasion=Prix Fixe Menus} => {price=$30-$50}",0.00118140587298886,0.761290322580645,3.06174506582152,3.14756452069855,"cuisine=Fountain and Ice Cream,occasion=Prix Fixe Menus","price=$30-$50"
"{cuisine=Seafood,occasion=Prix Fixe Menus} => {price=$30-$50}",0.00119141778716673,0.561320754716981,2.25751070271338,1.71276421091637,"cuisine=Seafood,occasion=Prix Fixe Menus","price=$30-$50"
"{cuisine=French,occasion=Prix Fixe Menus} => {style=none}",0.00449534946586438,0.522093023255814,1.04279747346999,1.04483556843836,"cuisine=French,occasion=Prix Fixe Menus","style=none"
"{cuisine=Italian,occasion=Prix Fixe Menus} => {price=$30-$50}",0.00230274026091048,0.529953917050691,2.13136006397987,1.59846904090377,"cuisine=Italian,occasion=Prix Fixe Menus","price=$30-$50"
"{cuisine=Italian,occasion=Prix Fixe Menus} => {style=none}",0.00304362191007299,0.700460829493088,1.39905869399482,1.66700804726856,"cuisine=Italian,occasion=Prix Fixe Menus","style=none"
"{cuisine=American,occasion=Prix Fixe Menus} => {price=$30-$50}",0.00509606431653668,0.568080357142857,2.28469636206103,1.73956920880551,"cuisine=American,occasion=Prix Fixe Menus","price=$30-$50"
"{cuisine=Mexican,occasion=Delivery Available} => {price=$15-$30}",0.000981167589431423,0.502564102564103,0.884755532355779,0.868401438949463,"cuisine=Mexican,occasion=Delivery Available","price=$15-$30"
"{cuisine=Fountain and Ice Cream,occasion=Delivery Available} => {price=$15-$30}",0.00141167989907991,0.694581280788177,1.22279850015694,1.41436664469428,"cuisine=Fountain and Ice Cream,occasion=Delivery Available","price=$15-$30"
"{cuisine=Seafood,occasion=Delivery Available} => {price=$15-$30}",0.00203241857810795,0.678929765886288,1.19524427507691,1.34541917381684,"cuisine=Seafood,occasion=Delivery Available","price=$15-$30"
"{cuisine=French,occasion=Delivery Available} => {style=none}",0.00153182286921437,0.632231404958678,1.26278130979018,1.35774020522624,"cuisine=French,occasion=Delivery Available","style=none"
"{cuisine=French,occasion=Delivery Available} => {price=$15-$30}",0.00144171564161352,0.59504132231405,1.04756010071472,1.06671142741495,"cuisine=French,occasion=Delivery Available","price=$15-$30"
"{cuisine=Italian,occasion=Delivery Available} => {style=none}",0.00421501586888397,0.632132132132132,1.26258302816585,1.35737380544072,"cuisine=Italian,occasion=Delivery Available","style=none"
"{cuisine=Italian,occasion=Delivery Available} => {price=$15-$30}",0.00481573071955627,0.722222222222222,1.27145990619155,1.55510657682642,"cuisine=Italian,occasion=Delivery Available","price=$15-$30"
"{cuisine=American,occasion=Delivery Available} => {price=$15-$30}",0.00690822078273145,0.589239965841161,1.03734691157453,1.05164576199107,"cuisine=American,occasion=Delivery Available","price=$15-$30"
"{cuisine=Mexican,occasion=Entertainment} => {style=none}",0.00193229943632923,0.839130434782609,1.67602909505713,3.1039693992608,"cuisine=Mexican,occasion=Entertainment","style=none"
"{cuisine=Mexican,occasion=Entertainment} => {price=$15-$30}",0.00192228752215136,0.834782608695652,1.46962054708963,2.6145797709801,"cuisine=Mexican,occasion=Entertainment","price=$15-$30"
"{cuisine=Fountain and Ice Cream,occasion=Entertainment} => {price=$30-$50}",0.00102121524614291,0.625766871165644,2.51669904807311,2.00771672388503,"cuisine=Fountain and Ice Cream,occasion=Entertainment","price=$30-$50"
"{cuisine=Seafood,occasion=Entertainment} => {price=$15-$30}",0.00145172755579139,0.570866141732283,1.00500010755904,1.00661842638612,"cuisine=Seafood,occasion=Entertainment","price=$15-$30"
"{cuisine=French,occasion=Entertainment} => {price=$30-$50}",0.00250297854446792,0.632911392405063,2.54543276765895,2.04679223448317,"cuisine=French,occasion=Entertainment","price=$30-$50"
"{cuisine=Italian,occasion=Entertainment} => {style=none}",0.00280333596980407,0.762942779291553,1.52385641487031,2.10638683021301,"cuisine=Italian,occasion=Entertainment","style=none"
"{cuisine=Italian,occasion=Entertainment} => {price=$15-$30}",0.00243289514522282,0.662125340599455,1.16566037092472,1.27850383892316,"cuisine=Italian,occasion=Entertainment","price=$15-$30"
"{cuisine=Mexican,occasion=Weekend Lunch} => {style=none}",0.00230274026091048,0.774410774410774,1.54676190451182,2.21346656252284,"cuisine=Mexican,occasion=Weekend Lunch","style=none"
"{cuisine=Mexican,occasion=Weekend Lunch} => {price=$15-$30}",0.00213253771988666,0.717171717171717,1.26256857817623,1.52733681652595,"cuisine=Mexican,occasion=Weekend Lunch","price=$15-$30"
"{cuisine=Mexican,occasion=Weekend Brunch} => {style=none}",0.00292347893993853,0.813370473537604,1.62457768447236,2.67553702338619,"cuisine=Mexican,occasion=Weekend Brunch","style=none"
"{cuisine=Mexican,occasion=Weekend Brunch} => {price=$15-$30}",0.00270321682802535,0.752089136490251,1.32404009944096,1.7424571194778,"cuisine=Mexican,occasion=Weekend Brunch","price=$15-$30"
"{cuisine=Mexican,occasion=Dining Outdoors} => {style=none}",0.00150178712668075,0.513698630136986,1.0260310131924,1.0267999200739,"cuisine=Mexican,occasion=Dining Outdoors","style=none"
"{cuisine=Mexican,occasion=Dining Outdoors} => {price=$15-$30}",0.00172204923859393,0.589041095890411,1.03699680441756,1.0511368528549,"cuisine=Mexican,occasion=Dining Outdoors","price=$15-$30"
"{cuisine=Mexican,occasion=Takeout Available} => {style=none}",0.00207246623481943,0.625377643504532,1.24909201533538,1.3329001834764,"cuisine=Mexican,occasion=Takeout Available","style=none"
"{cuisine=Mexican,occasion=Takeout Available} => {price=$15-$30}",0.00192228752215136,0.580060422960725,1.02118648287195,1.02865762775689,"cuisine=Mexican,occasion=Takeout Available","price=$15-$30"
"{cuisine=Mexican,occasion=Private Parties} => {style=none}",0.00211251389153092,0.66984126984127,1.33790101131873,1.51240649449768,"cuisine=Mexican,occasion=Private Parties","style=none"
"{cuisine=Mexican,occasion=Private Parties} => {price=$15-$30}",0.00217258537659815,0.688888888888889,1.2127771412904,1.38848801502359,"cuisine=Mexican,occasion=Private Parties","price=$15-$30"
"{cuisine=Mexican,occasion=Private Rooms Available} => {style=none}",0.00256305002953515,0.663212435233161,1.32466097233434,1.4826384936536,"cuisine=Mexican,occasion=Private Rooms Available","style=none"
"{cuisine=Mexican,occasion=Private Rooms Available} => {price=$15-$30}",0.00270321682802535,0.699481865284974,1.23142589559405,1.43743088758381,"cuisine=Mexican,occasion=Private Rooms Available","price=$15-$30"
"{cuisine=Mexican,occasion=Weekend Dining} => {style=none}",0.00410488481292738,0.576652601969058,1.15177152273225,1.17949043747442,"cuisine=Mexican,occasion=Weekend Dining","style=none"
"{cuisine=Mexican,occasion=Weekend Dining} => {price=$15-$30}",0.00361430101821167,0.507735583684951,0.893859836679943,0.87752442549491,"cuisine=Mexican,occasion=Weekend Dining","price=$15-$30"
"{cuisine=Seafood,occasion=Weekend Lunch} => {style=none}",0.00155184669757011,0.625,1.24833773271742,1.33155788721912,"cuisine=Seafood,occasion=Weekend Lunch","style=none"
"{cuisine=Seafood,occasion=Weekend Lunch} => {price=$15-$30}",0.00186221603708413,0.75,1.32036221027584,1.7278961964738,"cuisine=Seafood,occasion=Weekend Lunch","price=$15-$30"
"{cuisine=French,occasion=Weekend Lunch} => {price=$30-$50}",0.00234278791762197,0.549295774647887,2.20914883300204,1.66706693465224,"cuisine=French,occasion=Weekend Lunch","price=$30-$50"
"{cuisine=Italian,occasion=Weekend Lunch} => {style=none}",0.00269320491384748,0.50374531835206,1.0061508617258,1.00620553553068,"cuisine=Italian,occasion=Weekend Lunch","style=none"
"{cuisine=Italian,occasion=Weekend Lunch} => {price=$15-$30}",0.00452538520839799,0.846441947565543,1.49014661434377,2.81309929547869,"cuisine=Italian,occasion=Weekend Lunch","price=$15-$30"
"{cuisine=American,occasion=Weekend Lunch} => {price=$15-$30}",0.00690822078273145,0.578859060402685,1.01907150457532,1.02572324013784,"cuisine=American,occasion=Weekend Lunch","price=$15-$30"
"{cuisine=Fountain and Ice Cream,occasion=Takeout Available} => {price=$15-$30}",0.00185220412290626,0.512465373961219,0.902186551804362,0.886037680294096,"cuisine=Fountain and Ice Cream,occasion=Takeout Available","price=$15-$30"
"{cuisine=Fountain and Ice Cream,occasion=Private Rooms Available} => {price=$30-$50}",0.00272324065638109,0.569037656903766,2.28854641470526,1.74343332643516,"cuisine=Fountain and Ice Cream,occasion=Private Rooms Available","price=$30-$50"
"{cuisine=Fountain and Ice Cream,occasion=Weekend Dining} => {price=$15-$30}",0.00457544477928735,0.550602409638554,0.969326152764756,0.961229117341325,"cuisine=Fountain and Ice Cream,occasion=Weekend Dining","price=$15-$30"
"{cuisine=Seafood,occasion=Weekend Brunch} => {style=none}",0.00143170372743565,0.531598513011152,1.06178317191727,1.06603890375579,"cuisine=Seafood,occasion=Weekend Brunch","style=none"
"{cuisine=Seafood,occasion=Weekend Brunch} => {price=$15-$30}",0.00190226369379562,0.706319702602231,1.24346379158568,1.47089897737802,"cuisine=Seafood,occasion=Weekend Brunch","price=$15-$30"
"{cuisine=Italian,occasion=Weekend Brunch} => {price=$15-$30}",0.00928104444288703,0.786926994906621,1.38537155509418,2.02735231020532,"cuisine=Italian,occasion=Weekend Brunch","price=$15-$30"
"{cuisine=American,occasion=Weekend Brunch} => {price=$15-$30}",0.00702836375286591,0.535060975609756,0.941965723184596,0.929098282694111,"cuisine=American,occasion=Weekend Brunch","price=$15-$30"
"{cuisine=Seafood,occasion=Dining Outdoors} => {style=none}",0.00316376488020745,0.736596736596737,1.47123440014435,1.8957024345697,"cuisine=Seafood,occasion=Dining Outdoors","style=none"
"{cuisine=Seafood,occasion=Dining Outdoors} => {price=$15-$30}",0.00345411039136573,0.804195804195804,1.41577299936338,2.20615317942637,"cuisine=Seafood,occasion=Dining Outdoors","price=$15-$30"
"{cuisine=French,occasion=Dining Outdoors} => {price=$30-$50}",0.00385458695848059,0.620967741935484,2.4973979880112,1.98229595346121,"cuisine=French,occasion=Dining Outdoors","price=$30-$50"
"{cuisine=French,occasion=Dining Outdoors} => {style=none}",0.00341406273465424,0.55,1.09853720479133,1.1096315726826,"cuisine=French,occasion=Dining Outdoors","style=none"
"{cuisine=Italian,occasion=Dining Outdoors} => {style=none}",0.00623742253281405,0.547933157431838,1.09440901668665,1.10455835440283,"cuisine=Italian,occasion=Dining Outdoors","style=none"
"{cuisine=Italian,occasion=Dining Outdoors} => {price=$15-$30}",0.00742884031998078,0.65259454705365,1.14888157141563,1.24342909834855,"cuisine=Italian,occasion=Dining Outdoors","price=$15-$30"
"{cuisine=American,occasion=Dining Outdoors} => {price=$15-$30}",0.00988175929355934,0.571511291256514,1.00613588229474,1.00813403084806,"cuisine=American,occasion=Dining Outdoors","price=$15-$30"
"{cuisine=Seafood,occasion=Takeout Available} => {style=none}",0.00436519458155205,0.60387811634349,1.20615014175024,1.26055698589013,"cuisine=Seafood,occasion=Takeout Available","style=none"
"{cuisine=Seafood,occasion=Takeout Available} => {price=$15-$30}",0.00507604048818094,0.702216066481994,1.23623941017517,1.45062913238847,"cuisine=Seafood,occasion=Takeout Available","price=$15-$30"
"{cuisine=Seafood,occasion=Private Parties} => {style=none}",0.00376447973087975,0.525139664804469,1.04888265363519,1.0515390962304,"cuisine=Seafood,occasion=Private Parties","style=none"
"{cuisine=Seafood,occasion=Private Parties} => {price=$15-$30}",0.00472562349195543,0.659217877094972,1.16054183100596,1.26759598020004,"cuisine=Seafood,occasion=Private Parties","price=$15-$30"
"{cuisine=Seafood,occasion=Private Rooms Available} => {style=none}",0.00416495629799461,0.529262086513995,1.05711653294747,1.06074780339956,"cuisine=Seafood,occasion=Private Rooms Available","style=none"
"{cuisine=Seafood,occasion=Private Rooms Available} => {price=$15-$30}",0.00538640982769496,0.684478371501272,1.20501250064191,1.36907904277057,"cuisine=Seafood,occasion=Private Rooms Available","price=$15-$30"
"{cuisine=Seafood,occasion=Weekend Dining} => {style=none}",0.00654779187232807,0.670769230769231,1.33975446514411,1.51666932247505,"cuisine=Seafood,occasion=Weekend Dining","style=none"
"{cuisine=Seafood,occasion=Weekend Dining} => {price=$15-$30}",0.00718855437971186,0.736410256410256,1.29643769843153,1.6388120540486,"cuisine=Seafood,occasion=Weekend Dining","price=$15-$30"
"{cuisine=French,occasion=Takeout Available} => {style=none}",0.00267318108549173,0.677664974619289,1.3535276127332,1.54911557351674,"cuisine=French,occasion=Takeout Available","style=none"
"{cuisine=French,occasion=Takeout Available} => {price=$15-$30}",0.002262692604199,0.573604060913706,1.00982016758829,1.01308199614684,"cuisine=French,occasion=Takeout Available","price=$15-$30"
"{cuisine=Italian,occasion=Takeout Available} => {style=none}",0.00973158058089126,0.691322901849218,1.38080714219213,1.61765874662738,"cuisine=Italian,occasion=Takeout Available","style=none"
"{cuisine=Italian,occasion=Takeout Available} => {price=$15-$30}",0.0104724622300538,0.743954480796586,1.30971917681226,1.68709864739039,"cuisine=Italian,occasion=Takeout Available","price=$15-$30"
"{cuisine=American,occasion=Takeout Available} => {price=$15-$30}",0.0121344399835805,0.620901639344262,1.09308674785131,1.13947749172867,"cuisine=American,occasion=Takeout Available","price=$15-$30"
"{cuisine=Italian,occasion=Private Parties} => {style=none}",0.0117639991589992,0.62767094017094,1.25367250935296,1.34110995240721,"cuisine=Italian,occasion=Private Parties","style=none"
"{cuisine=Italian,occasion=Private Parties} => {price=$15-$30}",0.0125048808081617,0.667200854700855,1.17459572694767,1.29800227921307,"cuisine=Italian,occasion=Private Parties","price=$15-$30"
"{cuisine=American,occasion=Private Parties} => {price=$15-$30}",0.0142269300467556,0.505693950177936,0.890265575706749,0.873899984177716,"cuisine=American,occasion=Private Parties","price=$15-$30"
"{cuisine=French,occasion=Private Rooms Available} => {price=$30-$50}",0.00676805398424125,0.556378600823045,2.23763442837957,1.69368320100549,"cuisine=French,occasion=Private Rooms Available","price=$30-$50"
"{cuisine=French,occasion=Weekend Dining} => {price=$30-$50}",0.00350416996225508,0.584307178631052,2.34995712940802,1.80747434828973,"cuisine=French,occasion=Weekend Dining","price=$30-$50"
"{cuisine=French,occasion=Weekend Dining} => {style=none}",0.0030736576526066,0.512520868113522,1.02367862155392,1.02431914526231,"cuisine=French,occasion=Weekend Dining","style=none"
"{cuisine=Italian,occasion=Private Rooms Available} => {style=none}",0.0118340825582443,0.622105263157895,1.24255595795536,1.32135793125853,"cuisine=Italian,occasion=Private Rooms Available","style=none"
"{cuisine=Italian,occasion=Private Rooms Available} => {price=$15-$30}",0.0124347974089166,0.653684210526316,1.15079990537726,1.24734147921741,"cuisine=Italian,occasion=Private Rooms Available","price=$15-$30"
"{cuisine=American,occasion=Private Rooms Available} => {price=$15-$30}",0.0152181095503649,0.510409670920081,0.898567521656272,0.882317365071843,"cuisine=American,occasion=Private Rooms Available","price=$15-$30"
"{cuisine=Italian,occasion=Weekend Dining} => {style=none}",0.0149477878675624,0.636673773987207,1.27165423279973,1.3743412172222,"cuisine=Italian,occasion=Weekend Dining","style=none"
"{cuisine=Italian,occasion=Weekend Dining} => {price=$15-$30}",0.0164095273375317,0.698933901918977,1.23046121543261,1.43481465323338,"cuisine=Italian,occasion=Weekend Dining","price=$15-$30"
"{cuisine=American,occasion=Weekend Dining} => {price=$15-$30}",0.0220962945905628,0.56910778751934,1.00190455495231,1.0025106896956,"cuisine=American,occasion=Weekend Dining","price=$15-$30"
